{
  "type": "FeatureCollection",
  "name": "Lineas_de_metro_de_Santiago",
  "crs": {
    "type": "name",
    "properties": {
      "name": "urn:ogc:def:crs:OGC:1.3:CRS84"
    }
  },
  "features": [
    {
      "type": "Feature",
      "properties": {
        "linea": "LINEA 4",
        "nombre": "LINEA 4",
        "ref": "L4",
        "color": "#2D2B73",
        "from": "Plaza de Puente Alto",
        "to": "Tobalaba",
        "start_date": "2005-11-30"
      },
      "geometry": {
        "type": "LineString",
        "coordinates": [
          [
            -70.5745474,
            -33.6161049
          ],
          [
            -70.5758216,
            -33.6095217
          ],
          [
            -70.5766658,
            -33.6053583
          ],
          [
            -70.5771633,
            -33.6028549
          ],
          [
            -70.5774181,
            -33.6015723
          ],
          [
            -70.577457,
            -33.6013792
          ],
          [
            -70.5782051,
            -33.5976665
          ],
          [
            -70.5786623,
            -33.5955091
          ],
          [
            -70.5791987,
            -33.5928515
          ],
          [
            -70.5796829,
            -33.5902977
          ],
          [
            -70.5798169,
            -33.5895733
          ],
          [
            -70.5799377,
            -33.5889202
          ],
          [
            -70.5803011,
            -33.5870154
          ],
          [
            -70.5806606,
            -33.5851888
          ],
          [
            -70.58102,
            -33.5834336
          ],
          [
            -70.5812641,
            -33.5822102
          ],
          [
            -70.5815524,
            -33.5807231
          ],
          [
            -70.5818622,
            -33.5791477
          ],
          [
            -70.5821867,
            -33.5774762
          ],
          [
            -70.5823006,
            -33.5768976
          ],
          [
            -70.5824442,
            -33.5761678
          ],
          [
            -70.5828734,
            -33.5739834
          ],
          [
            -70.5831698,
            -33.5724581
          ],
          [
            -70.5834071,
            -33.5712547
          ],
          [
            -70.5836606,
            -33.5699484
          ],
          [
            -70.5837896,
            -33.5692902
          ],
          [
            -70.5839194,
            -33.5686276
          ],
          [
            -70.5842802,
            -33.5667704
          ],
          [
            -70.5845484,
            -33.5652764
          ],
          [
            -70.5848274,
            -33.5636851
          ],
          [
            -70.5851385,
            -33.561887
          ],
          [
            -70.5852541,
            -33.5612226
          ],
          [
            -70.5853705,
            -33.5605538
          ],
          [
            -70.5857031,
            -33.5586539
          ],
          [
            -70.5860518,
            -33.5566512
          ],
          [
            -70.5863079,
            -33.5551625
          ],
          [
            -70.5864662,
            -33.5542383
          ],
          [
            -70.5865386,
            -33.55382
          ],
          [
            -70.5866928,
            -33.5529284
          ],
          [
            -70.5869262,
            -33.5516275
          ],
          [
            -70.587181,
            -33.5501443
          ],
          [
            -70.5873661,
            -33.5489394
          ],
          [
            -70.5875257,
            -33.5478441
          ],
          [
            -70.5875538,
            -33.5476948
          ],
          [
            -70.5875882,
            -33.5475465
          ],
          [
            -70.5876289,
            -33.5473992
          ],
          [
            -70.5876716,
            -33.5472657
          ],
          [
            -70.5877195,
            -33.5471334
          ],
          [
            -70.5877724,
            -33.5470025
          ],
          [
            -70.5878416,
            -33.5468409
          ],
          [
            -70.5879146,
            -33.5466805
          ],
          [
            -70.5880879,
            -33.5462887
          ],
          [
            -70.5884658,
            -33.5454343
          ],
          [
            -70.5893254,
            -33.5434905
          ],
          [
            -70.5899102,
            -33.5421894
          ],
          [
            -70.5906531,
            -33.5405485
          ],
          [
            -70.5911694,
            -33.5394016
          ],
          [
            -70.5918561,
            -33.5379026
          ],
          [
            -70.5923067,
            -33.53692
          ],
          [
            -70.5926806,
            -33.5361023
          ],
          [
            -70.5928847,
            -33.5356557
          ],
          [
            -70.5937752,
            -33.5336894
          ],
          [
            -70.5944431,
            -33.5321444
          ],
          [
            -70.5951284,
            -33.5305123
          ],
          [
            -70.5967751,
            -33.5263986
          ],
          [
            -70.5968815,
            -33.5261316
          ],
          [
            -70.596964,
            -33.5259006
          ],
          [
            -70.5970381,
            -33.5256676
          ],
          [
            -70.5970918,
            -33.5254776
          ],
          [
            -70.5971386,
            -33.5252864
          ],
          [
            -70.5971783,
            -33.525094
          ],
          [
            -70.5972034,
            -33.5249497
          ],
          [
            -70.5972245,
            -33.524805
          ],
          [
            -70.5972742,
            -33.5243567
          ],
          [
            -70.5972942,
            -33.5241629
          ],
          [
            -70.597309,
            -33.5239688
          ],
          [
            -70.5973205,
            -33.5237084
          ],
          [
            -70.5973232,
            -33.5235781
          ],
          [
            -70.5973224,
            -33.5234478
          ],
          [
            -70.5973164,
            -33.5232835
          ],
          [
            -70.5973048,
            -33.5231195
          ],
          [
            -70.5972876,
            -33.5229558
          ],
          [
            -70.5972577,
            -33.522718
          ],
          [
            -70.5972415,
            -33.5225992
          ],
          [
            -70.5972219,
            -33.5224807
          ],
          [
            -70.5971812,
            -33.5222837
          ],
          [
            -70.597096,
            -33.5219357
          ],
          [
            -70.5970556,
            -33.5217841
          ],
          [
            -70.5970088,
            -33.5216314
          ],
          [
            -70.5969563,
            -33.52148
          ],
          [
            -70.5969076,
            -33.5213453
          ],
          [
            -70.5968544,
            -33.5212117
          ],
          [
            -70.5967863,
            -33.5210564
          ],
          [
            -70.5967122,
            -33.5209031
          ],
          [
            -70.5965902,
            -33.5206482
          ],
          [
            -70.5964172,
            -33.520353
          ],
          [
            -70.5961356,
            -33.5199214
          ],
          [
            -70.5960347,
            -33.5197798
          ],
          [
            -70.5942982,
            -33.517342
          ],
          [
            -70.5941936,
            -33.5171955
          ],
          [
            -70.594026,
            -33.5169507
          ],
          [
            -70.5939583,
            -33.5168521
          ],
          [
            -70.5938879,
            -33.516755
          ],
          [
            -70.5938096,
            -33.516653
          ],
          [
            -70.5937283,
            -33.5165526
          ],
          [
            -70.5931744,
            -33.515884
          ],
          [
            -70.592941,
            -33.5156045
          ],
          [
            -70.5927238,
            -33.5153607
          ],
          [
            -70.5924931,
            -33.5151125
          ],
          [
            -70.5922933,
            -33.5149
          ],
          [
            -70.5920827,
            -33.5146708
          ],
          [
            -70.5919231,
            -33.5144908
          ],
          [
            -70.5917394,
            -33.5142895
          ],
          [
            -70.5912848,
            -33.5137472
          ],
          [
            -70.5911981,
            -33.5136364
          ],
          [
            -70.5911163,
            -33.513523
          ],
          [
            -70.5910394,
            -33.5134073
          ],
          [
            -70.5909645,
            -33.5132843
          ],
          [
            -70.5908952,
            -33.513159
          ],
          [
            -70.5908295,
            -33.5130327
          ],
          [
            -70.5907463,
            -33.5128611
          ],
          [
            -70.5906759,
            -33.5126839
          ],
          [
            -70.590627,
            -33.5125469
          ],
          [
            -70.590582,
            -33.5123982
          ],
          [
            -70.5905458,
            -33.5122578
          ],
          [
            -70.5905097,
            -33.5121039
          ],
          [
            -70.5904788,
            -33.5119492
          ],
          [
            -70.5902728,
            -33.5107309
          ],
          [
            -70.5900272,
            -33.5092404
          ],
          [
            -70.5897763,
            -33.5077133
          ],
          [
            -70.5895548,
            -33.5063347
          ],
          [
            -70.5895132,
            -33.5060982
          ],
          [
            -70.5894642,
            -33.5058628
          ],
          [
            -70.5894145,
            -33.5056546
          ],
          [
            -70.589359,
            -33.5054474
          ],
          [
            -70.5892917,
            -33.5052237
          ],
          [
            -70.5892168,
            -33.5050017
          ],
          [
            -70.5891384,
            -33.5047922
          ],
          [
            -70.5890532,
            -33.5045846
          ],
          [
            -70.5889781,
            -33.5044079
          ],
          [
            -70.5886267,
            -33.5036251
          ],
          [
            -70.5884001,
            -33.5030917
          ],
          [
            -70.5881855,
            -33.5025762
          ],
          [
            -70.5874519,
            -33.5008361
          ],
          [
            -70.5873598,
            -33.5006143
          ],
          [
            -70.5872313,
            -33.5003334
          ],
          [
            -70.5871743,
            -33.5002205
          ],
          [
            -70.5871189,
            -33.5001095
          ],
          [
            -70.5870485,
            -33.4999767
          ],
          [
            -70.5869367,
            -33.4997784
          ],
          [
            -70.5868189,
            -33.4995825
          ],
          [
            -70.5867009,
            -33.4993935
          ],
          [
            -70.5864095,
            -33.4989303
          ],
          [
            -70.5859284,
            -33.4981655
          ],
          [
            -70.5845739,
            -33.4960138
          ],
          [
            -70.5835406,
            -33.4943664
          ],
          [
            -70.583174,
            -33.4937863
          ],
          [
            -70.5827674,
            -33.4931429
          ],
          [
            -70.5822296,
            -33.4922738
          ],
          [
            -70.5818193,
            -33.491624
          ],
          [
            -70.5816355,
            -33.4913332
          ],
          [
            -70.5812185,
            -33.49067
          ],
          [
            -70.5811381,
            -33.49054
          ],
          [
            -70.5810625,
            -33.4904079
          ],
          [
            -70.5809918,
            -33.4902741
          ],
          [
            -70.5809108,
            -33.4901053
          ],
          [
            -70.5808374,
            -33.4899341
          ],
          [
            -70.5807719,
            -33.4897607
          ],
          [
            -70.5807031,
            -33.4895692
          ],
          [
            -70.5806418,
            -33.4893759
          ],
          [
            -70.5805957,
            -33.489211
          ],
          [
            -70.580555,
            -33.489045
          ],
          [
            -70.5805197,
            -33.4888782
          ],
          [
            -70.5804849,
            -33.4887105
          ],
          [
            -70.5803513,
            -33.4880259
          ],
          [
            -70.5802032,
            -33.4872676
          ],
          [
            -70.5798566,
            -33.4855172
          ],
          [
            -70.5794938,
            -33.483798
          ],
          [
            -70.5791746,
            -33.4823036
          ],
          [
            -70.5787951,
            -33.4805363
          ],
          [
            -70.5786373,
            -33.4798006
          ],
          [
            -70.5782104,
            -33.4778102
          ],
          [
            -70.5779944,
            -33.4767945
          ],
          [
            -70.5778375,
            -33.4760249
          ],
          [
            -70.5776475,
            -33.4750973
          ],
          [
            -70.5771222,
            -33.4725314
          ],
          [
            -70.5766284,
            -33.4701265
          ],
          [
            -70.5765599,
            -33.4698307
          ],
          [
            -70.5764852,
            -33.4695359
          ],
          [
            -70.5764022,
            -33.4692355
          ],
          [
            -70.5763072,
            -33.4689365
          ],
          [
            -70.5762026,
            -33.4686414
          ],
          [
            -70.5760879,
            -33.468349
          ],
          [
            -70.5751442,
            -33.4659884
          ],
          [
            -70.5739072,
            -33.4626221
          ],
          [
            -70.57383,
            -33.4624307
          ],
          [
            -70.5737467,
            -33.462241
          ],
          [
            -70.5736802,
            -33.4620999
          ],
          [
            -70.5736103,
            -33.46196
          ],
          [
            -70.5733932,
            -33.4615259
          ],
          [
            -70.5728538,
            -33.460433
          ],
          [
            -70.5727684,
            -33.4602496
          ],
          [
            -70.572689,
            -33.4600659
          ],
          [
            -70.5726148,
            -33.4598807
          ],
          [
            -70.5719583,
            -33.4579982
          ],
          [
            -70.5719107,
            -33.457852
          ],
          [
            -70.5718712,
            -33.4577044
          ],
          [
            -70.5714365,
            -33.4559772
          ],
          [
            -70.5711859,
            -33.4550702
          ],
          [
            -70.5709244,
            -33.4541552
          ],
          [
            -70.5708682,
            -33.4539481
          ],
          [
            -70.5708175,
            -33.4537378
          ],
          [
            -70.5707778,
            -33.4535259
          ],
          [
            -70.570761,
            -33.4534115
          ],
          [
            -70.5707475,
            -33.4532969
          ],
          [
            -70.5707398,
            -33.453224
          ],
          [
            -70.5707362,
            -33.4531509
          ],
          [
            -70.5707389,
            -33.4530359
          ],
          [
            -70.5707524,
            -33.4528577
          ],
          [
            -70.5708178,
            -33.4523531
          ],
          [
            -70.5709213,
            -33.451737
          ],
          [
            -70.5713779,
            -33.4492005
          ],
          [
            -70.5719101,
            -33.4461811
          ],
          [
            -70.5731325,
            -33.4392003
          ],
          [
            -70.5732091,
            -33.4387895
          ],
          [
            -70.5732332,
            -33.438681
          ],
          [
            -70.5732611,
            -33.4385754
          ],
          [
            -70.5732972,
            -33.4384616
          ],
          [
            -70.5733377,
            -33.4383567
          ],
          [
            -70.5733946,
            -33.4382492
          ],
          [
            -70.5734465,
            -33.4381614
          ],
          [
            -70.5735224,
            -33.4380447
          ],
          [
            -70.5736137,
            -33.4379244
          ],
          [
            -70.57373,
            -33.4377938
          ],
          [
            -70.5738793,
            -33.437662
          ],
          [
            -70.574125,
            -33.4374921
          ],
          [
            -70.5743681,
            -33.4373417
          ],
          [
            -70.574654,
            -33.4371793
          ],
          [
            -70.5749022,
            -33.4370603
          ],
          [
            -70.576328,
            -33.436459
          ],
          [
            -70.5765748,
            -33.4363775
          ],
          [
            -70.5767817,
            -33.4363211
          ],
          [
            -70.5770491,
            -33.4362569
          ],
          [
            -70.5777923,
            -33.4361215
          ],
          [
            -70.5780954,
            -33.4360516
          ],
          [
            -70.578386,
            -33.4359607
          ],
          [
            -70.5787094,
            -33.4358319
          ],
          [
            -70.5789477,
            -33.4357208
          ],
          [
            -70.5791641,
            -33.4356105
          ],
          [
            -70.5815369,
            -33.4343653
          ],
          [
            -70.5819814,
            -33.4341026
          ],
          [
            -70.5831256,
            -33.4333117
          ],
          [
            -70.5838773,
            -33.4326833
          ],
          [
            -70.5840231,
            -33.4325473
          ],
          [
            -70.584191,
            -33.4323615
          ],
          [
            -70.584698,
            -33.4317845
          ],
          [
            -70.5849737,
            -33.4314864
          ],
          [
            -70.585104,
            -33.4313575
          ],
          [
            -70.5852828,
            -33.4311724
          ],
          [
            -70.5855764,
            -33.4309016
          ],
          [
            -70.5862659,
            -33.4303093
          ],
          [
            -70.588551,
            -33.4282714
          ],
          [
            -70.5895083,
            -33.4275142
          ],
          [
            -70.5904852,
            -33.4267278
          ],
          [
            -70.5909768,
            -33.4263106
          ],
          [
            -70.5924177,
            -33.4251797
          ],
          [
            -70.5944789,
            -33.4235613
          ],
          [
            -70.5963128,
            -33.4220993
          ],
          [
            -70.5968794,
            -33.4216479
          ],
          [
            -70.5975681,
            -33.4211126
          ],
          [
            -70.5988016,
            -33.4202519
          ],
          [
            -70.5996077,
            -33.4196902
          ],
          [
            -70.6008327,
            -33.4187284
          ]
        ]
      }
    },
    {
      "type": "Feature",
      "properties": {
        "linea": "LINEA 1",
        "nombre": "LINEA 1",
        "ref": "L1",
        "color": "#D60D27",
        "from": "Los Domínicos",
        "to": "San Pablo",
        "start_date": "1975-09-15"
      },
      "geometry": {
        "type": "LineString",
        "coordinates": [
          [
            -70.5449952,
            -33.4078709
          ],
          [
            -70.5523203,
            -33.4084228
          ],
          [
            -70.5525886,
            -33.4084317
          ],
          [
            -70.5526958,
            -33.4084345
          ],
          [
            -70.5528031,
            -33.408434
          ],
          [
            -70.5528964,
            -33.4084308
          ],
          [
            -70.5529895,
            -33.408425
          ],
          [
            -70.5531146,
            -33.4084141
          ],
          [
            -70.553239,
            -33.4083993
          ],
          [
            -70.5535246,
            -33.4083567
          ],
          [
            -70.5558421,
            -33.4079224
          ],
          [
            -70.5569847,
            -33.4077242
          ],
          [
            -70.5574675,
            -33.4076593
          ],
          [
            -70.5578698,
            -33.4076167
          ],
          [
            -70.5581903,
            -33.4075854
          ],
          [
            -70.5588864,
            -33.407544
          ],
          [
            -70.5607586,
            -33.407451
          ],
          [
            -70.5611475,
            -33.4074399
          ],
          [
            -70.5613165,
            -33.4074414
          ],
          [
            -70.5614854,
            -33.4074477
          ],
          [
            -70.5616742,
            -33.4074604
          ],
          [
            -70.5618623,
            -33.407479
          ],
          [
            -70.5620417,
            -33.4075011
          ],
          [
            -70.5622204,
            -33.4075272
          ],
          [
            -70.5626978,
            -33.4076201
          ],
          [
            -70.5631283,
            -33.4077153
          ],
          [
            -70.5645713,
            -33.4080668
          ],
          [
            -70.5660854,
            -33.4084396
          ],
          [
            -70.569267,
            -33.4092958
          ],
          [
            -70.5721405,
            -33.41013
          ],
          [
            -70.5743198,
            -33.4107827
          ],
          [
            -70.5756301,
            -33.4112081
          ],
          [
            -70.5763355,
            -33.4114297
          ],
          [
            -70.5771509,
            -33.411676
          ],
          [
            -70.5800571,
            -33.4124753
          ],
          [
            -70.5803427,
            -33.4125559
          ],
          [
            -70.5806123,
            -33.4126421
          ],
          [
            -70.5808631,
            -33.4127294
          ],
          [
            -70.5811165,
            -33.412829
          ],
          [
            -70.582687,
            -33.4134694
          ],
          [
            -70.5846187,
            -33.4142247
          ],
          [
            -70.5848365,
            -33.4143091
          ],
          [
            -70.5850366,
            -33.4143795
          ],
          [
            -70.5851752,
            -33.4144225
          ],
          [
            -70.5853156,
            -33.4144612
          ],
          [
            -70.5854577,
            -33.4144954
          ],
          [
            -70.5899946,
            -33.4154328
          ],
          [
            -70.5957138,
            -33.4166049
          ],
          [
            -70.5972487,
            -33.4169189
          ],
          [
            -70.5975076,
            -33.4169776
          ],
          [
            -70.5977865,
            -33.4170448
          ],
          [
            -70.5980944,
            -33.4171245
          ],
          [
            -70.5984007,
            -33.4172083
          ],
          [
            -70.599888,
            -33.4176448
          ],
          [
            -70.6002283,
            -33.4177518
          ],
          [
            -70.6005666,
            -33.4178631
          ],
          [
            -70.6008541,
            -33.4179615
          ],
          [
            -70.6011392,
            -33.4180646
          ],
          [
            -70.6014955,
            -33.4182015
          ],
          [
            -70.6021144,
            -33.4184573
          ],
          [
            -70.6035779,
            -33.4190282
          ],
          [
            -70.6059086,
            -33.419915
          ],
          [
            -70.60604,
            -33.4199687
          ],
          [
            -70.6061393,
            -33.4200214
          ],
          [
            -70.6062341,
            -33.4200795
          ],
          [
            -70.6063098,
            -33.4201321
          ],
          [
            -70.6063818,
            -33.4201881
          ],
          [
            -70.60645,
            -33.4202474
          ],
          [
            -70.6064929,
            -33.4202882
          ],
          [
            -70.6065848,
            -33.4203929
          ],
          [
            -70.6068872,
            -33.4207768
          ],
          [
            -70.606973,
            -33.4208619
          ],
          [
            -70.6071004,
            -33.4209727
          ],
          [
            -70.6076342,
            -33.4213723
          ],
          [
            -70.6085716,
            -33.4220271
          ],
          [
            -70.6094689,
            -33.4226558
          ],
          [
            -70.61059,
            -33.4234319
          ],
          [
            -70.6106979,
            -33.4235201
          ],
          [
            -70.612079,
            -33.4246542
          ],
          [
            -70.6123027,
            -33.4248014
          ],
          [
            -70.6124354,
            -33.4248848
          ],
          [
            -70.6125192,
            -33.4249363
          ],
          [
            -70.6125782,
            -33.4249693
          ],
          [
            -70.6126379,
            -33.4250012
          ],
          [
            -70.6127056,
            -33.4250342
          ],
          [
            -70.6127881,
            -33.4250717
          ],
          [
            -70.6138064,
            -33.4254721
          ],
          [
            -70.6142659,
            -33.4256425
          ],
          [
            -70.6143511,
            -33.4256727
          ],
          [
            -70.6144456,
            -33.4257079
          ],
          [
            -70.6145201,
            -33.4257365
          ],
          [
            -70.6145764,
            -33.4257611
          ],
          [
            -70.6146421,
            -33.4257897
          ],
          [
            -70.6147112,
            -33.4258227
          ],
          [
            -70.6147729,
            -33.4258546
          ],
          [
            -70.6148299,
            -33.4258882
          ],
          [
            -70.6148949,
            -33.425929
          ],
          [
            -70.6149539,
            -33.4259671
          ],
          [
            -70.6150163,
            -33.4260113
          ],
          [
            -70.6150733,
            -33.4260555
          ],
          [
            -70.6151631,
            -33.4261316
          ],
          [
            -70.6152986,
            -33.4262446
          ],
          [
            -70.6159745,
            -33.4268043
          ],
          [
            -70.6160966,
            -33.4268983
          ],
          [
            -70.6162508,
            -33.4270047
          ],
          [
            -70.6164385,
            -33.4271188
          ],
          [
            -70.6172084,
            -33.4275472
          ],
          [
            -70.6175138,
            -33.4276887
          ],
          [
            -70.6189308,
            -33.4282423
          ],
          [
            -70.6196546,
            -33.4285417
          ],
          [
            -70.6198829,
            -33.428638
          ],
          [
            -70.620108,
            -33.4287394
          ],
          [
            -70.6203297,
            -33.4288457
          ],
          [
            -70.6205493,
            -33.4289578
          ],
          [
            -70.6207652,
            -33.4290747
          ],
          [
            -70.6209772,
            -33.4291964
          ],
          [
            -70.6222049,
            -33.4299808
          ],
          [
            -70.6234588,
            -33.4307542
          ],
          [
            -70.6244875,
            -33.4314537
          ],
          [
            -70.6248362,
            -33.4317081
          ],
          [
            -70.6251799,
            -33.4319674
          ],
          [
            -70.6254917,
            -33.4322103
          ],
          [
            -70.625799,
            -33.4324571
          ],
          [
            -70.6261018,
            -33.4327079
          ],
          [
            -70.6262986,
            -33.4328852
          ],
          [
            -70.6272711,
            -33.4338334
          ],
          [
            -70.6275576,
            -33.4340826
          ],
          [
            -70.627736,
            -33.4342276
          ],
          [
            -70.6279201,
            -33.4343675
          ],
          [
            -70.6280995,
            -33.4344953
          ],
          [
            -70.6282836,
            -33.4346182
          ],
          [
            -70.6284723,
            -33.4347362
          ],
          [
            -70.6289578,
            -33.4350205
          ],
          [
            -70.6296689,
            -33.4354055
          ],
          [
            -70.6320477,
            -33.4365672
          ],
          [
            -70.6324067,
            -33.4367379
          ],
          [
            -70.6327067,
            -33.4368848
          ],
          [
            -70.6329493,
            -33.4370064
          ],
          [
            -70.6330573,
            -33.4370599
          ],
          [
            -70.6331679,
            -33.4371095
          ],
          [
            -70.6332918,
            -33.4371591
          ],
          [
            -70.6334183,
            -33.4372038
          ],
          [
            -70.6340513,
            -33.4374132
          ],
          [
            -70.635231,
            -33.43775
          ],
          [
            -70.6364211,
            -33.4380372
          ],
          [
            -70.6368297,
            -33.4381426
          ],
          [
            -70.6370002,
            -33.4381904
          ],
          [
            -70.6371689,
            -33.4382423
          ],
          [
            -70.6373356,
            -33.4382985
          ],
          [
            -70.6374732,
            -33.4383485
          ],
          [
            -70.6376092,
            -33.4384014
          ],
          [
            -70.6377443,
            -33.4384562
          ],
          [
            -70.6378774,
            -33.4385145
          ],
          [
            -70.6380265,
            -33.4385851
          ],
          [
            -70.638341,
            -33.4387414
          ],
          [
            -70.6385051,
            -33.4388289
          ],
          [
            -70.6386646,
            -33.4389225
          ],
          [
            -70.6388189,
            -33.439022
          ],
          [
            -70.6391729,
            -33.4392453
          ],
          [
            -70.6399076,
            -33.4397514
          ],
          [
            -70.6424949,
            -33.4415193
          ],
          [
            -70.6426496,
            -33.4416191
          ],
          [
            -70.6428088,
            -33.4417139
          ],
          [
            -70.6429723,
            -33.4418035
          ],
          [
            -70.6431749,
            -33.4419045
          ],
          [
            -70.6433829,
            -33.4419974
          ],
          [
            -70.6435959,
            -33.4420822
          ],
          [
            -70.6440774,
            -33.4422478
          ],
          [
            -70.6447511,
            -33.4424514
          ],
          [
            -70.6451319,
            -33.4425547
          ],
          [
            -70.645515,
            -33.4426518
          ],
          [
            -70.6459143,
            -33.4427458
          ],
          [
            -70.6463157,
            -33.4428331
          ],
          [
            -70.6506708,
            -33.4438532
          ],
          [
            -70.6548799,
            -33.4448574
          ],
          [
            -70.6610204,
            -33.4463163
          ],
          [
            -70.6620052,
            -33.4465404
          ],
          [
            -70.667143,
            -33.4476897
          ],
          [
            -70.6675521,
            -33.4477904
          ],
          [
            -70.6680375,
            -33.4479101
          ],
          [
            -70.6733587,
            -33.4493488
          ],
          [
            -70.6773452,
            -33.4504247
          ],
          [
            -70.6776603,
            -33.4505116
          ],
          [
            -70.6779819,
            -33.4505911
          ],
          [
            -70.6789675,
            -33.4508094
          ],
          [
            -70.6793833,
            -33.4508978
          ],
          [
            -70.6796595,
            -33.4509588
          ],
          [
            -70.6797489,
            -33.450983
          ],
          [
            -70.6798359,
            -33.4510125
          ],
          [
            -70.6799057,
            -33.4510407
          ],
          [
            -70.6799734,
            -33.4510723
          ],
          [
            -70.6800708,
            -33.4511214
          ],
          [
            -70.6801658,
            -33.4511736
          ],
          [
            -70.680493,
            -33.4513694
          ],
          [
            -70.6805757,
            -33.4514133
          ],
          [
            -70.6806614,
            -33.4514528
          ],
          [
            -70.6807548,
            -33.4514897
          ],
          [
            -70.6808498,
            -33.4515238
          ],
          [
            -70.6809474,
            -33.4515557
          ],
          [
            -70.6810462,
            -33.4515848
          ],
          [
            -70.6865609,
            -33.4528431
          ],
          [
            -70.6922787,
            -33.4541888
          ],
          [
            -70.6997386,
            -33.4559095
          ],
          [
            -70.7067626,
            -33.4575263
          ],
          [
            -70.7079059,
            -33.4577959
          ],
          [
            -70.7083203,
            -33.4578809
          ],
          [
            -70.7086851,
            -33.4579503
          ],
          [
            -70.7089855,
            -33.4579962
          ],
          [
            -70.7093945,
            -33.4580499
          ],
          [
            -70.7096086,
            -33.458078
          ],
          [
            -70.7098237,
            -33.4581002
          ],
          [
            -70.7099836,
            -33.4581129
          ],
          [
            -70.7101438,
            -33.4581224
          ],
          [
            -70.7105181,
            -33.4581345
          ],
          [
            -70.7108927,
            -33.4581371
          ],
          [
            -70.7112412,
            -33.4581226
          ],
          [
            -70.7115939,
            -33.4581014
          ],
          [
            -70.7119171,
            -33.4580723
          ],
          [
            -70.7122833,
            -33.458032
          ],
          [
            -70.7126695,
            -33.4579839
          ],
          [
            -70.7130356,
            -33.4579302
          ],
          [
            -70.7133266,
            -33.4578843
          ],
          [
            -70.7136177,
            -33.4578267
          ],
          [
            -70.7143975,
            -33.457674
          ],
          [
            -70.7154494,
            -33.45747
          ],
          [
            -70.7165597,
            -33.4572546
          ],
          [
            -70.7169486,
            -33.4571521
          ],
          [
            -70.718449,
            -33.4568479
          ],
          [
            -70.7185449,
            -33.456832
          ],
          [
            -70.7186401,
            -33.4568158
          ],
          [
            -70.7190692,
            -33.4567486
          ],
          [
            -70.719198,
            -33.4567319
          ],
          [
            -70.7194264,
            -33.4566869
          ],
          [
            -70.7202255,
            -33.4565224
          ],
          [
            -70.7204405,
            -33.4564767
          ],
          [
            -70.7206459,
            -33.4564267
          ],
          [
            -70.7208543,
            -33.4563713
          ],
          [
            -70.7209931,
            -33.4563244
          ],
          [
            -70.7211279,
            -33.4562697
          ],
          [
            -70.7212581,
            -33.4562077
          ],
          [
            -70.7213832,
            -33.4561386
          ],
          [
            -70.721489,
            -33.4560719
          ],
          [
            -70.7215901,
            -33.456
          ],
          [
            -70.7216855,
            -33.4559237
          ],
          [
            -70.7217842,
            -33.4558305
          ],
          [
            -70.7218753,
            -33.4557318
          ],
          [
            -70.7219583,
            -33.4556282
          ],
          [
            -70.7220326,
            -33.45552
          ],
          [
            -70.722092,
            -33.4554191
          ],
          [
            -70.722144,
            -33.4553154
          ],
          [
            -70.7221882,
            -33.4552091
          ],
          [
            -70.7222248,
            -33.4551003
          ],
          [
            -70.722281,
            -33.4549127
          ],
          [
            -70.7223318,
            -33.4547241
          ],
          [
            -70.722377,
            -33.4545346
          ],
          [
            -70.722423,
            -33.4543111
          ],
          [
            -70.7224612,
            -33.4540868
          ],
          [
            -70.7224918,
            -33.453862
          ],
          [
            -70.7225453,
            -33.4532028
          ],
          [
            -70.7226604,
            -33.4515788
          ],
          [
            -70.7226996,
            -33.4510255
          ],
          [
            -70.7227972,
            -33.4495001
          ],
          [
            -70.7228596,
            -33.4485619
          ],
          [
            -70.7231111,
            -33.4451893
          ],
          [
            -70.7231838,
            -33.4442061
          ]
        ]
      }
    },
    {
      "type": "Feature",
      "properties": {
        "linea": "LINEA 5",
        "nombre": "LINEA 5",
        "ref": "L5",
        "color": "#179859",
        "from": "Vicente Valdés",
        "to": "Plaza de Maipú",
        "start_date": "1997-04-05"
      },
      "geometry": {
        "type": "LineString",
        "coordinates": [
          [
            -70.5965809,
            -33.5269105
          ],
          [
            -70.5967837,
            -33.5264017
          ],
          [
            -70.5974114,
            -33.5248197
          ],
          [
            -70.59853,
            -33.5220444
          ],
          [
            -70.5986724,
            -33.5217128
          ],
          [
            -70.598773,
            -33.521494
          ],
          [
            -70.5988782,
            -33.5212766
          ],
          [
            -70.5989839,
            -33.5210743
          ],
          [
            -70.5990949,
            -33.5208739
          ],
          [
            -70.5992571,
            -33.5205999
          ],
          [
            -70.5994293,
            -33.5203298
          ],
          [
            -70.6000091,
            -33.5195137
          ],
          [
            -70.6013241,
            -33.5176626
          ],
          [
            -70.60219,
            -33.5165079
          ],
          [
            -70.6022851,
            -33.5163844
          ],
          [
            -70.6023857,
            -33.5162639
          ],
          [
            -70.6024917,
            -33.5161467
          ],
          [
            -70.602599,
            -33.5160369
          ],
          [
            -70.602711,
            -33.5159304
          ],
          [
            -70.6028525,
            -33.5158063
          ],
          [
            -70.6042653,
            -33.5146227
          ],
          [
            -70.6049748,
            -33.5140486
          ],
          [
            -70.6058943,
            -33.513294
          ],
          [
            -70.6074934,
            -33.5119817
          ],
          [
            -70.6083088,
            -33.511323
          ],
          [
            -70.60921,
            -33.5105783
          ],
          [
            -70.6102715,
            -33.5096966
          ],
          [
            -70.6105692,
            -33.5094434
          ],
          [
            -70.610767,
            -33.509274
          ],
          [
            -70.6112015,
            -33.5088943
          ],
          [
            -70.6114335,
            -33.5086975
          ],
          [
            -70.6116307,
            -33.5085387
          ],
          [
            -70.6117744,
            -33.5084278
          ],
          [
            -70.6119204,
            -33.508319
          ],
          [
            -70.6124282,
            -33.5079433
          ],
          [
            -70.6133855,
            -33.5072349
          ],
          [
            -70.6135163,
            -33.5071318
          ],
          [
            -70.6136397,
            -33.5070224
          ],
          [
            -70.6137335,
            -33.5069297
          ],
          [
            -70.613822,
            -33.5068334
          ],
          [
            -70.613921,
            -33.5067164
          ],
          [
            -70.6140125,
            -33.5065952
          ],
          [
            -70.6140944,
            -33.5064733
          ],
          [
            -70.6141687,
            -33.5063481
          ],
          [
            -70.6142214,
            -33.5062436
          ],
          [
            -70.6142693,
            -33.5061375
          ],
          [
            -70.6143122,
            -33.50603
          ],
          [
            -70.6143544,
            -33.5059079
          ],
          [
            -70.6143901,
            -33.5057845
          ],
          [
            -70.6144195,
            -33.5056598
          ],
          [
            -70.61474,
            -33.5041966
          ],
          [
            -70.6151457,
            -33.5023715
          ],
          [
            -70.6154864,
            -33.5008093
          ],
          [
            -70.6156731,
            -33.499956
          ],
          [
            -70.6158094,
            -33.4993313
          ],
          [
            -70.6159471,
            -33.4987001
          ],
          [
            -70.6165217,
            -33.4961357
          ],
          [
            -70.6169455,
            -33.4942299
          ],
          [
            -70.6173438,
            -33.4924796
          ],
          [
            -70.6175005,
            -33.4917911
          ],
          [
            -70.6176549,
            -33.4911123
          ],
          [
            -70.6180472,
            -33.4893933
          ],
          [
            -70.6183697,
            -33.4879835
          ],
          [
            -70.6184034,
            -33.4878431
          ],
          [
            -70.6184454,
            -33.4877043
          ],
          [
            -70.6184958,
            -33.4875674
          ],
          [
            -70.6185554,
            -33.4874302
          ],
          [
            -70.6186235,
            -33.4872956
          ],
          [
            -70.6186996,
            -33.4871642
          ],
          [
            -70.6187988,
            -33.4869992
          ],
          [
            -70.6191681,
            -33.4863911
          ],
          [
            -70.6195378,
            -33.4857822
          ],
          [
            -70.6200448,
            -33.4849629
          ],
          [
            -70.6202949,
            -33.4845519
          ],
          [
            -70.6203705,
            -33.4844236
          ],
          [
            -70.6204404,
            -33.484293
          ],
          [
            -70.6204945,
            -33.4841821
          ],
          [
            -70.6205444,
            -33.4840698
          ],
          [
            -70.620598,
            -33.4839239
          ],
          [
            -70.6206624,
            -33.4837259
          ],
          [
            -70.620722,
            -33.4835072
          ],
          [
            -70.62117,
            -33.4818282
          ],
          [
            -70.6213939,
            -33.4809904
          ],
          [
            -70.6216427,
            -33.4800502
          ],
          [
            -70.6219049,
            -33.4790799
          ],
          [
            -70.6221724,
            -33.478086
          ],
          [
            -70.6222441,
            -33.4778191
          ],
          [
            -70.6225131,
            -33.4768169
          ],
          [
            -70.6229583,
            -33.4751473
          ],
          [
            -70.6232795,
            -33.4739107
          ],
          [
            -70.6235591,
            -33.4728144
          ],
          [
            -70.6238005,
            -33.471859
          ],
          [
            -70.6239608,
            -33.4712387
          ],
          [
            -70.6239937,
            -33.4710938
          ],
          [
            -70.6240124,
            -33.4709959
          ],
          [
            -70.6240286,
            -33.4708815
          ],
          [
            -70.6240386,
            -33.4707666
          ],
          [
            -70.6240438,
            -33.4706738
          ],
          [
            -70.624046,
            -33.4705809
          ],
          [
            -70.6240453,
            -33.470087
          ],
          [
            -70.62405,
            -33.4699058
          ],
          [
            -70.624056,
            -33.4697648
          ],
          [
            -70.6240667,
            -33.4696529
          ],
          [
            -70.6240902,
            -33.4694997
          ],
          [
            -70.6241177,
            -33.469371
          ],
          [
            -70.6241633,
            -33.4692049
          ],
          [
            -70.6242163,
            -33.4690276
          ],
          [
            -70.6245261,
            -33.4680201
          ],
          [
            -70.6246825,
            -33.4675443
          ],
          [
            -70.6247762,
            -33.4672594
          ],
          [
            -70.6249036,
            -33.466872
          ],
          [
            -70.6251296,
            -33.466158
          ],
          [
            -70.6251785,
            -33.465998
          ],
          [
            -70.6257311,
            -33.4642544
          ],
          [
            -70.6261052,
            -33.4630987
          ],
          [
            -70.6264412,
            -33.4620509
          ],
          [
            -70.6266376,
            -33.4614339
          ],
          [
            -70.6267262,
            -33.4611547
          ],
          [
            -70.6268194,
            -33.4608454
          ],
          [
            -70.6269072,
            -33.4605438
          ],
          [
            -70.627052,
            -33.4600314
          ],
          [
            -70.6271674,
            -33.4596532
          ],
          [
            -70.6273417,
            -33.4590412
          ],
          [
            -70.6275027,
            -33.4584762
          ],
          [
            -70.6276532,
            -33.4579573
          ],
          [
            -70.6279734,
            -33.4568057
          ],
          [
            -70.6280225,
            -33.456622
          ],
          [
            -70.6280673,
            -33.4564376
          ],
          [
            -70.6281017,
            -33.4562812
          ],
          [
            -70.628133,
            -33.4561243
          ],
          [
            -70.6283201,
            -33.4550423
          ],
          [
            -70.6283516,
            -33.45487
          ],
          [
            -70.6284052,
            -33.4546406
          ],
          [
            -70.6284615,
            -33.4544157
          ],
          [
            -70.6288163,
            -33.4530096
          ],
          [
            -70.6296934,
            -33.4496445
          ],
          [
            -70.630407,
            -33.4471159
          ],
          [
            -70.6310432,
            -33.4448474
          ],
          [
            -70.6311478,
            -33.4445038
          ],
          [
            -70.6312019,
            -33.444381
          ],
          [
            -70.6312644,
            -33.444261
          ],
          [
            -70.6313355,
            -33.4441433
          ],
          [
            -70.6314147,
            -33.4440293
          ],
          [
            -70.6314978,
            -33.4439292
          ],
          [
            -70.6315697,
            -33.4438417
          ],
          [
            -70.6316326,
            -33.4437495
          ],
          [
            -70.6316865,
            -33.4436521
          ],
          [
            -70.6317346,
            -33.4435526
          ],
          [
            -70.6317795,
            -33.4434438
          ],
          [
            -70.63181,
            -33.4433495
          ],
          [
            -70.6318335,
            -33.4432537
          ],
          [
            -70.6319343,
            -33.4428012
          ],
          [
            -70.6320758,
            -33.4421504
          ],
          [
            -70.6321134,
            -33.4419221
          ],
          [
            -70.6321254,
            -33.4417196
          ],
          [
            -70.6321147,
            -33.4415428
          ],
          [
            -70.6320852,
            -33.4413313
          ],
          [
            -70.6320628,
            -33.4411078
          ],
          [
            -70.6320576,
            -33.4410123
          ],
          [
            -70.6320556,
            -33.4409169
          ],
          [
            -70.6320644,
            -33.4407594
          ],
          [
            -70.6320966,
            -33.4405445
          ],
          [
            -70.6321503,
            -33.4403431
          ],
          [
            -70.6325613,
            -33.4391365
          ],
          [
            -70.6326394,
            -33.4389308
          ],
          [
            -70.6327364,
            -33.4386944
          ],
          [
            -70.6332045,
            -33.4376408
          ],
          [
            -70.6332445,
            -33.4375472
          ],
          [
            -70.6334628,
            -33.4370468
          ],
          [
            -70.6335095,
            -33.4369667
          ],
          [
            -70.6335524,
            -33.436913
          ],
          [
            -70.6336074,
            -33.436857
          ],
          [
            -70.6336632,
            -33.4368041
          ],
          [
            -70.6337258,
            -33.4367568
          ],
          [
            -70.6338608,
            -33.43669
          ],
          [
            -70.6339449,
            -33.4366576
          ],
          [
            -70.6340685,
            -33.4366278
          ],
          [
            -70.6341895,
            -33.4366092
          ],
          [
            -70.634335,
            -33.436604
          ],
          [
            -70.6345689,
            -33.436612
          ],
          [
            -70.6348977,
            -33.4366642
          ],
          [
            -70.6351416,
            -33.4366953
          ],
          [
            -70.6354306,
            -33.4367244
          ],
          [
            -70.6356748,
            -33.4367445
          ],
          [
            -70.6384161,
            -33.4368188
          ],
          [
            -70.6399121,
            -33.4368409
          ],
          [
            -70.6402391,
            -33.4368414
          ],
          [
            -70.6406347,
            -33.4368201
          ],
          [
            -70.6409258,
            -33.4367955
          ],
          [
            -70.6426357,
            -33.4365616
          ],
          [
            -70.6428489,
            -33.4365381
          ],
          [
            -70.6430474,
            -33.436528
          ],
          [
            -70.643262,
            -33.4365325
          ],
          [
            -70.644136,
            -33.4366164
          ],
          [
            -70.6458351,
            -33.4367796
          ],
          [
            -70.6491918,
            -33.4371384
          ],
          [
            -70.650298,
            -33.4372528
          ],
          [
            -70.6596419,
            -33.4382047
          ],
          [
            -70.6685368,
            -33.4391255
          ],
          [
            -70.6802924,
            -33.4403521
          ],
          [
            -70.6804283,
            -33.4403666
          ],
          [
            -70.6805647,
            -33.4403763
          ],
          [
            -70.6807016,
            -33.4403811
          ],
          [
            -70.6808438,
            -33.440381
          ],
          [
            -70.6809859,
            -33.4403756
          ],
          [
            -70.6812443,
            -33.4403649
          ],
          [
            -70.6815022,
            -33.4403487
          ],
          [
            -70.6818131,
            -33.4403225
          ],
          [
            -70.6821229,
            -33.4402892
          ],
          [
            -70.6824316,
            -33.4402486
          ],
          [
            -70.6827387,
            -33.440201
          ],
          [
            -70.6830442,
            -33.4401462
          ],
          [
            -70.6833156,
            -33.4400909
          ],
          [
            -70.6835851,
            -33.4400295
          ],
          [
            -70.6838525,
            -33.4399623
          ],
          [
            -70.6845108,
            -33.4397903
          ],
          [
            -70.6849008,
            -33.4396832
          ],
          [
            -70.6852873,
            -33.4395678
          ],
          [
            -70.6856703,
            -33.4394444
          ],
          [
            -70.6860215,
            -33.4393229
          ],
          [
            -70.6863692,
            -33.4391946
          ],
          [
            -70.6867132,
            -33.4390596
          ],
          [
            -70.6870533,
            -33.4389179
          ],
          [
            -70.6881863,
            -33.4383664
          ],
          [
            -70.6887081,
            -33.438139
          ],
          [
            -70.6888576,
            -33.4380819
          ],
          [
            -70.6890106,
            -33.4380319
          ],
          [
            -70.6891667,
            -33.437989
          ],
          [
            -70.6893372,
            -33.4379511
          ],
          [
            -70.6895101,
            -33.4379218
          ],
          [
            -70.68966,
            -33.4378979
          ],
          [
            -70.6898117,
            -33.4378833
          ],
          [
            -70.6899181,
            -33.4378787
          ],
          [
            -70.6900245,
            -33.4378787
          ],
          [
            -70.6901309,
            -33.4378833
          ],
          [
            -70.6903137,
            -33.4378934
          ],
          [
            -70.6904957,
            -33.4379101
          ],
          [
            -70.690675,
            -33.4379332
          ],
          [
            -70.6908529,
            -33.4379628
          ],
          [
            -70.6910304,
            -33.437996
          ],
          [
            -70.691539,
            -33.438091
          ],
          [
            -70.692156,
            -33.4382034
          ],
          [
            -70.6932288,
            -33.4384205
          ],
          [
            -70.6939101,
            -33.4385189
          ],
          [
            -70.6967479,
            -33.4388704
          ],
          [
            -70.6979817,
            -33.439036
          ],
          [
            -70.6984618,
            -33.4391121
          ],
          [
            -70.6990171,
            -33.4392329
          ],
          [
            -70.706658,
            -33.4413062
          ],
          [
            -70.7103977,
            -33.4423284
          ],
          [
            -70.7116556,
            -33.4426036
          ],
          [
            -70.7124791,
            -33.442776
          ],
          [
            -70.71345,
            -33.4429215
          ],
          [
            -70.7167562,
            -33.443395
          ],
          [
            -70.7224187,
            -33.4441261
          ],
          [
            -70.7252437,
            -33.4443829
          ],
          [
            -70.7258425,
            -33.4444093
          ],
          [
            -70.7266921,
            -33.4444361
          ],
          [
            -70.7293836,
            -33.4444887
          ],
          [
            -70.7317561,
            -33.4445223
          ],
          [
            -70.7329141,
            -33.4445345
          ],
          [
            -70.7340266,
            -33.4445469
          ],
          [
            -70.7398792,
            -33.4446202
          ],
          [
            -70.7400978,
            -33.4446247
          ],
          [
            -70.7403365,
            -33.4446437
          ],
          [
            -70.7405886,
            -33.444684
          ],
          [
            -70.7408005,
            -33.4447332
          ],
          [
            -70.7409601,
            -33.4447802
          ],
          [
            -70.7411499,
            -33.4448488
          ],
          [
            -70.7412602,
            -33.4449
          ],
          [
            -70.7413223,
            -33.4449347
          ],
          [
            -70.7413825,
            -33.4449716
          ],
          [
            -70.7414855,
            -33.4450433
          ],
          [
            -70.7415418,
            -33.4450936
          ],
          [
            -70.7415918,
            -33.4451484
          ],
          [
            -70.7416309,
            -33.4452008
          ],
          [
            -70.7416642,
            -33.4452558
          ],
          [
            -70.7416898,
            -33.4453166
          ],
          [
            -70.7417098,
            -33.4453789
          ],
          [
            -70.7417254,
            -33.445449
          ],
          [
            -70.7417339,
            -33.4455199
          ],
          [
            -70.7417359,
            -33.445586
          ],
          [
            -70.7417323,
            -33.445652
          ],
          [
            -70.7417217,
            -33.4457185
          ],
          [
            -70.7417044,
            -33.445784
          ],
          [
            -70.7416878,
            -33.4458304
          ],
          [
            -70.7416679,
            -33.4458758
          ],
          [
            -70.7416366,
            -33.4459307
          ],
          [
            -70.7415998,
            -33.4459832
          ],
          [
            -70.7415609,
            -33.4460294
          ],
          [
            -70.74152,
            -33.4460736
          ],
          [
            -70.7414778,
            -33.4461146
          ],
          [
            -70.7414335,
            -33.4461533
          ],
          [
            -70.7413831,
            -33.44619
          ],
          [
            -70.7413289,
            -33.4462226
          ],
          [
            -70.741176,
            -33.446301
          ],
          [
            -70.7409883,
            -33.4463883
          ],
          [
            -70.7402219,
            -33.4467147
          ],
          [
            -70.740071,
            -33.4467889
          ],
          [
            -70.7399503,
            -33.4468582
          ],
          [
            -70.7398966,
            -33.4468914
          ],
          [
            -70.7398457,
            -33.4469276
          ],
          [
            -70.7397942,
            -33.4469697
          ],
          [
            -70.7397464,
            -33.4470149
          ],
          [
            -70.7396974,
            -33.4470662
          ],
          [
            -70.7396525,
            -33.4471201
          ],
          [
            -70.7396173,
            -33.4471685
          ],
          [
            -70.7395855,
            -33.4472186
          ],
          [
            -70.7395513,
            -33.4472958
          ],
          [
            -70.7395245,
            -33.4473881
          ],
          [
            -70.7395083,
            -33.4474726
          ],
          [
            -70.7394986,
            -33.4475671
          ],
          [
            -70.7394695,
            -33.4478798
          ],
          [
            -70.7394029,
            -33.4485857
          ],
          [
            -70.7392692,
            -33.4502298
          ],
          [
            -70.7390893,
            -33.4525829
          ],
          [
            -70.7390759,
            -33.4527776
          ],
          [
            -70.7390665,
            -33.4528797
          ],
          [
            -70.7390534,
            -33.4529816
          ],
          [
            -70.73903,
            -33.4531159
          ],
          [
            -70.7390001,
            -33.4532492
          ],
          [
            -70.7388975,
            -33.4536224
          ],
          [
            -70.738863,
            -33.453764
          ],
          [
            -70.7388345,
            -33.4539066
          ],
          [
            -70.7388138,
            -33.4540384
          ],
          [
            -70.7387983,
            -33.4541706
          ],
          [
            -70.7386218,
            -33.4558534
          ],
          [
            -70.7385045,
            -33.4569265
          ],
          [
            -70.7383691,
            -33.4581439
          ],
          [
            -70.7382524,
            -33.4592247
          ],
          [
            -70.738007,
            -33.4614534
          ],
          [
            -70.7379263,
            -33.462164
          ],
          [
            -70.7373592,
            -33.4671593
          ],
          [
            -70.7373324,
            -33.4674177
          ],
          [
            -70.7372975,
            -33.4677768
          ],
          [
            -70.7372613,
            -33.468344
          ],
          [
            -70.7372439,
            -33.4685801
          ],
          [
            -70.7371902,
            -33.4699315
          ],
          [
            -70.7371527,
            -33.4706754
          ],
          [
            -70.73715,
            -33.4709104
          ],
          [
            -70.7371554,
            -33.4710759
          ],
          [
            -70.737162,
            -33.4711941
          ],
          [
            -70.7371748,
            -33.471312
          ],
          [
            -70.7371901,
            -33.4714087
          ],
          [
            -70.7372117,
            -33.4715077
          ],
          [
            -70.7372415,
            -33.4716164
          ],
          [
            -70.7372781,
            -33.4717236
          ],
          [
            -70.7373149,
            -33.4718142
          ],
          [
            -70.7373565,
            -33.4719032
          ],
          [
            -70.7374195,
            -33.4720188
          ],
          [
            -70.7374886,
            -33.472132
          ],
          [
            -70.7375395,
            -33.4722079
          ],
          [
            -70.7375932,
            -33.4722824
          ],
          [
            -70.7376462,
            -33.4723512
          ],
          [
            -70.7377066,
            -33.4724267
          ],
          [
            -70.7377891,
            -33.4725241
          ],
          [
            -70.738813,
            -33.4737183
          ],
          [
            -70.7389418,
            -33.4738729
          ],
          [
            -70.7390678,
            -33.4740292
          ],
          [
            -70.7391893,
            -33.4741851
          ],
          [
            -70.7393079,
            -33.4743425
          ],
          [
            -70.7399935,
            -33.4752643
          ],
          [
            -70.7413597,
            -33.477101
          ],
          [
            -70.7418647,
            -33.4778209
          ],
          [
            -70.7420343,
            -33.4780569
          ],
          [
            -70.7421564,
            -33.4782197
          ],
          [
            -70.7423093,
            -33.4784182
          ],
          [
            -70.7424662,
            -33.4786145
          ],
          [
            -70.7426428,
            -33.4788273
          ],
          [
            -70.7428242,
            -33.4790374
          ],
          [
            -70.743014,
            -33.4792398
          ],
          [
            -70.7432158,
            -33.4794579
          ],
          [
            -70.7438757,
            -33.4801671
          ],
          [
            -70.7442176,
            -33.4805385
          ],
          [
            -70.7443644,
            -33.4806999
          ],
          [
            -70.744504,
            -33.4808657
          ],
          [
            -70.7446269,
            -33.4810231
          ],
          [
            -70.7447433,
            -33.4811839
          ],
          [
            -70.7448616,
            -33.4813566
          ],
          [
            -70.7449747,
            -33.4815318
          ],
          [
            -70.7454527,
            -33.4822757
          ],
          [
            -70.7457002,
            -33.482661
          ],
          [
            -70.7464305,
            -33.4837572
          ],
          [
            -70.7465713,
            -33.4839596
          ],
          [
            -70.7467389,
            -33.4841951
          ],
          [
            -70.7471084,
            -33.48469
          ],
          [
            -70.7475818,
            -33.485313
          ],
          [
            -70.7477394,
            -33.4855026
          ],
          [
            -70.7478098,
            -33.485579
          ],
          [
            -70.7478829,
            -33.4856536
          ],
          [
            -70.747959,
            -33.4857267
          ],
          [
            -70.7480377,
            -33.4857979
          ],
          [
            -70.7481638,
            -33.4858991
          ],
          [
            -70.7482812,
            -33.4859886
          ],
          [
            -70.7484361,
            -33.4860954
          ],
          [
            -70.7486118,
            -33.4862062
          ],
          [
            -70.7487848,
            -33.4863085
          ],
          [
            -70.7495597,
            -33.4867409
          ],
          [
            -70.749693,
            -33.4868196
          ],
          [
            -70.7498221,
            -33.486903
          ],
          [
            -70.7499787,
            -33.4870147
          ],
          [
            -70.7501279,
            -33.4871334
          ],
          [
            -70.751005,
            -33.4878682
          ],
          [
            -70.7512084,
            -33.4880383
          ],
          [
            -70.7514038,
            -33.4882147
          ],
          [
            -70.751591,
            -33.4883973
          ],
          [
            -70.7517613,
            -33.4885765
          ],
          [
            -70.7519236,
            -33.4887608
          ],
          [
            -70.7531303,
            -33.4902257
          ],
          [
            -70.7534882,
            -33.4906268
          ],
          [
            -70.753606,
            -33.4907587
          ],
          [
            -70.7537292,
            -33.4908873
          ],
          [
            -70.7538575,
            -33.4910122
          ],
          [
            -70.7539571,
            -33.4911035
          ],
          [
            -70.7540595,
            -33.4911926
          ],
          [
            -70.7542661,
            -33.4913694
          ],
          [
            -70.7544771,
            -33.4915424
          ],
          [
            -70.754725,
            -33.4917365
          ],
          [
            -70.7549785,
            -33.4919255
          ],
          [
            -70.7556731,
            -33.4924395
          ],
          [
            -70.7558332,
            -33.4925655
          ],
          [
            -70.7559886,
            -33.4926956
          ],
          [
            -70.7561391,
            -33.4928296
          ],
          [
            -70.7562847,
            -33.4929673
          ],
          [
            -70.7564006,
            -33.4930833
          ],
          [
            -70.7565115,
            -33.4932027
          ],
          [
            -70.7566173,
            -33.4933252
          ],
          [
            -70.7567156,
            -33.4934478
          ],
          [
            -70.7568075,
            -33.4935738
          ],
          [
            -70.7568928,
            -33.493703
          ],
          [
            -70.7569713,
            -33.4938352
          ],
          [
            -70.7570557,
            -33.493996
          ],
          [
            -70.75713,
            -33.4941601
          ],
          [
            -70.7571942,
            -33.4943272
          ],
          [
            -70.757244,
            -33.4944605
          ],
          [
            -70.7572883,
            -33.4945952
          ],
          [
            -70.7573269,
            -33.494731
          ],
          [
            -70.7573592,
            -33.4948644
          ],
          [
            -70.757386,
            -33.4949987
          ],
          [
            -70.7574074,
            -33.4951336
          ],
          [
            -70.7574211,
            -33.4952574
          ],
          [
            -70.7574291,
            -33.4953816
          ],
          [
            -70.7574543,
            -33.4962417
          ],
          [
            -70.757457,
            -33.4971154
          ],
          [
            -70.7574382,
            -33.4981007
          ],
          [
            -70.7574161,
            -33.5001668
          ],
          [
            -70.7573672,
            -33.5040389
          ],
          [
            -70.7573229,
            -33.5099351
          ],
          [
            -70.757322,
            -33.5105325
          ]
        ]
      }
    },
    {
      "type": "Feature",
      "properties": {
        "linea": "LINEA 6",
        "nombre": "LINEA 6",
        "ref": "L6",
        "color": "#9A3488",
        "from": "Cerrillos",
        "to": "Los Leones"
      },
      "geometry": {
        "type": "LineString",
        "coordinates": [
          [
            -70.6085607,
            -33.422019
          ],
          [
            -70.6095326,
            -33.4216374
          ],
          [
            -70.6099023,
            -33.4218651
          ],
          [
            -70.6105001,
            -33.4222324
          ],
          [
            -70.6111964,
            -33.4226883
          ],
          [
            -70.6114769,
            -33.4228893
          ],
          [
            -70.6116057,
            -33.4229944
          ],
          [
            -70.6116507,
            -33.4230395
          ],
          [
            -70.6117178,
            -33.4231142
          ],
          [
            -70.6117673,
            -33.4231772
          ],
          [
            -70.6118123,
            -33.4232463
          ],
          [
            -70.6118617,
            -33.4233293
          ],
          [
            -70.6118958,
            -33.4234026
          ],
          [
            -70.6119273,
            -33.423476
          ],
          [
            -70.6119536,
            -33.4235583
          ],
          [
            -70.611972,
            -33.4236209
          ],
          [
            -70.611989,
            -33.4236976
          ],
          [
            -70.6120036,
            -33.4237909
          ],
          [
            -70.6120114,
            -33.4238876
          ],
          [
            -70.6120127,
            -33.4239636
          ],
          [
            -70.6120113,
            -33.4240545
          ],
          [
            -70.6120048,
            -33.424162
          ],
          [
            -70.6119877,
            -33.4242644
          ],
          [
            -70.6119678,
            -33.4243651
          ],
          [
            -70.6119339,
            -33.4244953
          ],
          [
            -70.6118635,
            -33.4247673
          ],
          [
            -70.6117935,
            -33.4249966
          ],
          [
            -70.6117315,
            -33.4251802
          ],
          [
            -70.6111548,
            -33.4267543
          ],
          [
            -70.6094622,
            -33.4313026
          ],
          [
            -70.6093588,
            -33.4316253
          ],
          [
            -70.6092768,
            -33.4319067
          ],
          [
            -70.6082263,
            -33.4355575
          ],
          [
            -70.6076608,
            -33.4374982
          ],
          [
            -70.6073183,
            -33.4387191
          ],
          [
            -70.6071827,
            -33.4392856
          ],
          [
            -70.6071182,
            -33.4395881
          ],
          [
            -70.6070711,
            -33.4398418
          ],
          [
            -70.607007,
            -33.4402721
          ],
          [
            -70.6068164,
            -33.4414427
          ],
          [
            -70.6067353,
            -33.4419309
          ],
          [
            -70.6066648,
            -33.4423558
          ],
          [
            -70.6065811,
            -33.442886
          ],
          [
            -70.6062752,
            -33.4446706
          ],
          [
            -70.6057199,
            -33.4479378
          ],
          [
            -70.6055297,
            -33.4490417
          ],
          [
            -70.605283,
            -33.4504739
          ],
          [
            -70.6050568,
            -33.451793
          ],
          [
            -70.6049374,
            -33.4524659
          ],
          [
            -70.604885,
            -33.4527992
          ],
          [
            -70.6048668,
            -33.4529315
          ],
          [
            -70.6048513,
            -33.4530643
          ],
          [
            -70.6048427,
            -33.4531745
          ],
          [
            -70.6048378,
            -33.4532848
          ],
          [
            -70.6048361,
            -33.4533774
          ],
          [
            -70.6048378,
            -33.45347
          ],
          [
            -70.6048493,
            -33.453635
          ],
          [
            -70.604872,
            -33.4538533
          ],
          [
            -70.6049031,
            -33.4540709
          ],
          [
            -70.604936,
            -33.4542875
          ],
          [
            -70.6051812,
            -33.4557468
          ],
          [
            -70.6054053,
            -33.4571765
          ],
          [
            -70.6055571,
            -33.4581666
          ],
          [
            -70.6058572,
            -33.4600664
          ],
          [
            -70.6060574,
            -33.4613665
          ],
          [
            -70.6061977,
            -33.462384
          ],
          [
            -70.6062895,
            -33.4630411
          ],
          [
            -70.6063659,
            -33.463479
          ],
          [
            -70.6064197,
            -33.4637331
          ],
          [
            -70.6064793,
            -33.4639521
          ],
          [
            -70.606566,
            -33.4641852
          ],
          [
            -70.6066906,
            -33.4644314
          ],
          [
            -70.6068195,
            -33.4646497
          ],
          [
            -70.6069458,
            -33.4648119
          ],
          [
            -70.6070918,
            -33.4649841
          ],
          [
            -70.6072226,
            -33.4651129
          ],
          [
            -70.6074068,
            -33.4652732
          ],
          [
            -70.6076479,
            -33.465454
          ],
          [
            -70.6078999,
            -33.4656078
          ],
          [
            -70.6082075,
            -33.4657712
          ],
          [
            -70.6084545,
            -33.4658764
          ],
          [
            -70.6087704,
            -33.4659979
          ],
          [
            -70.6091082,
            -33.4661036
          ],
          [
            -70.6093408,
            -33.4661581
          ],
          [
            -70.6096136,
            -33.4662189
          ],
          [
            -70.6099389,
            -33.4662665
          ],
          [
            -70.6102013,
            -33.4662867
          ],
          [
            -70.6105208,
            -33.4662958
          ],
          [
            -70.6108055,
            -33.4662799
          ],
          [
            -70.6111541,
            -33.4662438
          ],
          [
            -70.6114809,
            -33.4661861
          ],
          [
            -70.6119428,
            -33.4660876
          ],
          [
            -70.6131008,
            -33.4658474
          ],
          [
            -70.6135098,
            -33.4657783
          ],
          [
            -70.6138815,
            -33.4657248
          ],
          [
            -70.614215,
            -33.4656869
          ],
          [
            -70.6145215,
            -33.4656678
          ],
          [
            -70.6147396,
            -33.4656603
          ],
          [
            -70.61501,
            -33.4656678
          ],
          [
            -70.6153057,
            -33.4656958
          ],
          [
            -70.6174319,
            -33.4659663
          ],
          [
            -70.620602,
            -33.466378
          ],
          [
            -70.6210706,
            -33.4664428
          ],
          [
            -70.6214903,
            -33.4665142
          ],
          [
            -70.6218518,
            -33.4665878
          ],
          [
            -70.622217,
            -33.4666725
          ],
          [
            -70.6226512,
            -33.4667941
          ],
          [
            -70.6233428,
            -33.4669878
          ],
          [
            -70.6247487,
            -33.467379
          ],
          [
            -70.6250954,
            -33.4674688
          ],
          [
            -70.6258153,
            -33.4676514
          ],
          [
            -70.6259592,
            -33.4676954
          ],
          [
            -70.6260976,
            -33.4677475
          ],
          [
            -70.6262312,
            -33.4678078
          ],
          [
            -70.6263592,
            -33.4678759
          ],
          [
            -70.626481,
            -33.4679516
          ],
          [
            -70.626596,
            -33.4680344
          ],
          [
            -70.6267035,
            -33.4681239
          ],
          [
            -70.626803,
            -33.4682196
          ],
          [
            -70.626894,
            -33.4683211
          ],
          [
            -70.626976,
            -33.4684277
          ],
          [
            -70.6270476,
            -33.4685375
          ],
          [
            -70.6271097,
            -33.4686512
          ],
          [
            -70.627162,
            -33.4687683
          ],
          [
            -70.6272042,
            -33.4688882
          ],
          [
            -70.627236,
            -33.4690103
          ],
          [
            -70.6272573,
            -33.469134
          ],
          [
            -70.6272681,
            -33.4692586
          ],
          [
            -70.6272682,
            -33.4693836
          ],
          [
            -70.6272577,
            -33.4695082
          ],
          [
            -70.6272366,
            -33.4696319
          ],
          [
            -70.6271984,
            -33.4697795
          ],
          [
            -70.6271435,
            -33.4699614
          ],
          [
            -70.6271069,
            -33.4700879
          ],
          [
            -70.627077,
            -33.4702145
          ],
          [
            -70.627058,
            -33.4703429
          ],
          [
            -70.6270499,
            -33.4704722
          ],
          [
            -70.6270528,
            -33.4706016
          ],
          [
            -70.6270668,
            -33.4707305
          ],
          [
            -70.6270917,
            -33.4708582
          ],
          [
            -70.6271274,
            -33.4709842
          ],
          [
            -70.6271738,
            -33.4711077
          ],
          [
            -70.6272305,
            -33.4712282
          ],
          [
            -70.6272974,
            -33.471345
          ],
          [
            -70.6273752,
            -33.471459
          ],
          [
            -70.6274627,
            -33.4715681
          ],
          [
            -70.6275593,
            -33.4716717
          ],
          [
            -70.6276646,
            -33.4717691
          ],
          [
            -70.6277781,
            -33.47186
          ],
          [
            -70.6278991,
            -33.4719439
          ],
          [
            -70.6280271,
            -33.4720202
          ],
          [
            -70.6281613,
            -33.4720887
          ],
          [
            -70.6283011,
            -33.4721489
          ],
          [
            -70.6307639,
            -33.4731098
          ],
          [
            -70.631833,
            -33.4734994
          ],
          [
            -70.6339458,
            -33.4742487
          ],
          [
            -70.6386748,
            -33.4759406
          ],
          [
            -70.6399822,
            -33.4763003
          ],
          [
            -70.6402487,
            -33.476366
          ],
          [
            -70.6405175,
            -33.4764246
          ],
          [
            -70.6407885,
            -33.4764763
          ],
          [
            -70.641041,
            -33.4765177
          ],
          [
            -70.6412948,
            -33.4765531
          ],
          [
            -70.6415499,
            -33.4765823
          ],
          [
            -70.641758,
            -33.4766007
          ],
          [
            -70.6419667,
            -33.4766142
          ],
          [
            -70.6421758,
            -33.4766228
          ],
          [
            -70.6456188,
            -33.476688
          ],
          [
            -70.6481053,
            -33.4767188
          ],
          [
            -70.6483869,
            -33.476718
          ],
          [
            -70.6486758,
            -33.4767071
          ],
          [
            -70.649448,
            -33.4766762
          ],
          [
            -70.6501418,
            -33.4766549
          ],
          [
            -70.6517192,
            -33.4766028
          ],
          [
            -70.6519374,
            -33.4766001
          ],
          [
            -70.6521555,
            -33.4766045
          ],
          [
            -70.6523247,
            -33.4766128
          ],
          [
            -70.6524586,
            -33.4766207
          ],
          [
            -70.6525921,
            -33.4766319
          ],
          [
            -70.6526903,
            -33.4766422
          ],
          [
            -70.6527991,
            -33.4766581
          ],
          [
            -70.6529068,
            -33.4766787
          ],
          [
            -70.6530136,
            -33.476704
          ],
          [
            -70.6531188,
            -33.4767339
          ],
          [
            -70.6532133,
            -33.4767651
          ],
          [
            -70.6533008,
            -33.4767982
          ],
          [
            -70.6534808,
            -33.4768792
          ],
          [
            -70.6535774,
            -33.4769308
          ],
          [
            -70.6536843,
            -33.4769954
          ],
          [
            -70.6538363,
            -33.4771032
          ],
          [
            -70.655021,
            -33.4780018
          ],
          [
            -70.6551725,
            -33.4781212
          ],
          [
            -70.6553247,
            -33.4782272
          ],
          [
            -70.6553851,
            -33.4782659
          ],
          [
            -70.6556111,
            -33.4783957
          ],
          [
            -70.6557306,
            -33.4784555
          ],
          [
            -70.6558739,
            -33.4785202
          ],
          [
            -70.655972,
            -33.4785602
          ],
          [
            -70.6561508,
            -33.478625
          ],
          [
            -70.6562831,
            -33.4786664
          ],
          [
            -70.6563516,
            -33.4786858
          ],
          [
            -70.6564904,
            -33.4787211
          ],
          [
            -70.6565833,
            -33.4787415
          ],
          [
            -70.6566877,
            -33.4787618
          ],
          [
            -70.6567882,
            -33.4787786
          ],
          [
            -70.6569367,
            -33.4787986
          ],
          [
            -70.65711,
            -33.4788147
          ],
          [
            -70.6594307,
            -33.4789227
          ],
          [
            -70.6596006,
            -33.4789278
          ],
          [
            -70.659768,
            -33.4789278
          ],
          [
            -70.6599388,
            -33.4789245
          ],
          [
            -70.664425,
            -33.4787069
          ],
          [
            -70.6646817,
            -33.4786968
          ],
          [
            -70.6647886,
            -33.478694
          ],
          [
            -70.6649025,
            -33.4786929
          ],
          [
            -70.6651736,
            -33.4786943
          ],
          [
            -70.6689224,
            -33.4787404
          ],
          [
            -70.669047,
            -33.478737
          ],
          [
            -70.6691558,
            -33.4787321
          ],
          [
            -70.6692724,
            -33.4787245
          ],
          [
            -70.6713882,
            -33.4785679
          ],
          [
            -70.6714964,
            -33.4785614
          ],
          [
            -70.6715942,
            -33.4785583
          ],
          [
            -70.6789819,
            -33.4784288
          ],
          [
            -70.6808981,
            -33.4784204
          ],
          [
            -70.6834165,
            -33.4784854
          ],
          [
            -70.683607,
            -33.4784987
          ],
          [
            -70.6837514,
            -33.4785152
          ],
          [
            -70.6838756,
            -33.4785376
          ],
          [
            -70.6839925,
            -33.4785649
          ],
          [
            -70.6840912,
            -33.4785985
          ],
          [
            -70.6841842,
            -33.4786367
          ],
          [
            -70.6842829,
            -33.4786839
          ],
          [
            -70.684364,
            -33.4787308
          ],
          [
            -70.6844404,
            -33.4787829
          ],
          [
            -70.6845212,
            -33.478847
          ],
          [
            -70.6845953,
            -33.4789165
          ],
          [
            -70.6846558,
            -33.4789832
          ],
          [
            -70.6847038,
            -33.4790524
          ],
          [
            -70.6847666,
            -33.479156
          ],
          [
            -70.6848303,
            -33.4793045
          ],
          [
            -70.6853812,
            -33.4806632
          ],
          [
            -70.6861822,
            -33.4824713
          ],
          [
            -70.686301,
            -33.48273
          ],
          [
            -70.686365,
            -33.4828396
          ],
          [
            -70.6864474,
            -33.4829699
          ],
          [
            -70.6865085,
            -33.483057
          ],
          [
            -70.6865728,
            -33.4831426
          ],
          [
            -70.686651,
            -33.4832273
          ],
          [
            -70.6867503,
            -33.4833226
          ],
          [
            -70.6868437,
            -33.4834027
          ],
          [
            -70.6869431,
            -33.483488
          ],
          [
            -70.6870526,
            -33.4835619
          ],
          [
            -70.6871719,
            -33.4836236
          ],
          [
            -70.6872768,
            -33.4836737
          ],
          [
            -70.6873811,
            -33.4837166
          ],
          [
            -70.6875308,
            -33.4837773
          ],
          [
            -70.687697,
            -33.4838382
          ],
          [
            -70.6878747,
            -33.4838963
          ],
          [
            -70.6879643,
            -33.4839236
          ],
          [
            -70.6880551,
            -33.4839482
          ],
          [
            -70.6881629,
            -33.4839736
          ],
          [
            -70.6882719,
            -33.4839953
          ],
          [
            -70.6915603,
            -33.4845584
          ],
          [
            -70.6916762,
            -33.4845759
          ],
          [
            -70.6917929,
            -33.4845877
          ],
          [
            -70.6918805,
            -33.4845927
          ],
          [
            -70.6919678,
            -33.4845945
          ],
          [
            -70.6920576,
            -33.4845944
          ],
          [
            -70.692148,
            -33.4845888
          ],
          [
            -70.6922267,
            -33.4845793
          ],
          [
            -70.6923038,
            -33.4845658
          ],
          [
            -70.6924035,
            -33.4845453
          ],
          [
            -70.6925026,
            -33.4845215
          ],
          [
            -70.6927539,
            -33.4844494
          ],
          [
            -70.6930021,
            -33.4843662
          ],
          [
            -70.6948485,
            -33.4837022
          ],
          [
            -70.6955635,
            -33.4834506
          ]
        ]
      }
    },
    {
      "type": "Feature",
      "properties": {
        "linea": "LINEA 4A",
        "nombre": "LINEA 4A",
        "ref": "L4A",
        "color": "#0471B9",
        "from": "Vicuña Mackenna",
        "to": "La Cisterna",
        "start_date": "2006-08-16"
      },
      "geometry": {
        "type": "LineString",
        "coordinates": [
          [
            -70.5958103,
            -33.5192008
          ],
          [
            -70.5962255,
            -33.5197518
          ],
          [
            -70.5966837,
            -33.5203782
          ],
          [
            -70.5968061,
            -33.5205487
          ],
          [
            -70.5969828,
            -33.5207949
          ],
          [
            -70.5972862,
            -33.5212094
          ],
          [
            -70.5976262,
            -33.5216667
          ],
          [
            -70.5977904,
            -33.5218806
          ],
          [
            -70.5979595,
            -33.5220849
          ],
          [
            -70.5981432,
            -33.5222973
          ],
          [
            -70.5982739,
            -33.522446
          ],
          [
            -70.5983936,
            -33.5225729
          ],
          [
            -70.5985121,
            -33.5226956
          ],
          [
            -70.5986354,
            -33.522815
          ],
          [
            -70.5987307,
            -33.522902
          ],
          [
            -70.5988285,
            -33.5229871
          ],
          [
            -70.5990927,
            -33.5231962
          ],
          [
            -70.5992781,
            -33.523333
          ],
          [
            -70.5994655,
            -33.5234679
          ],
          [
            -70.6002246,
            -33.5239766
          ],
          [
            -70.6004437,
            -33.5241266
          ],
          [
            -70.6006564,
            -33.5242829
          ],
          [
            -70.6007964,
            -33.524392
          ],
          [
            -70.6009328,
            -33.5245042
          ],
          [
            -70.6010655,
            -33.5246194
          ],
          [
            -70.6011999,
            -33.524743
          ],
          [
            -70.60133,
            -33.5248698
          ],
          [
            -70.6014557,
            -33.5249996
          ],
          [
            -70.6016362,
            -33.5252051
          ],
          [
            -70.6018084,
            -33.5254155
          ],
          [
            -70.6019588,
            -33.5256121
          ],
          [
            -70.6021021,
            -33.5258123
          ],
          [
            -70.6025179,
            -33.5264407
          ],
          [
            -70.6039073,
            -33.5285592
          ],
          [
            -70.6050083,
            -33.5302473
          ],
          [
            -70.6055677,
            -33.5310994
          ],
          [
            -70.6060718,
            -33.5318672
          ],
          [
            -70.6069194,
            -33.5331807
          ],
          [
            -70.6091014,
            -33.5365411
          ],
          [
            -70.6103808,
            -33.5385767
          ],
          [
            -70.6105022,
            -33.5387701
          ],
          [
            -70.6106336,
            -33.538959
          ],
          [
            -70.6107151,
            -33.5390674
          ],
          [
            -70.6107999,
            -33.5391741
          ],
          [
            -70.6108974,
            -33.5392869
          ],
          [
            -70.6109991,
            -33.539397
          ],
          [
            -70.611105,
            -33.5395045
          ],
          [
            -70.6112161,
            -33.5396103
          ],
          [
            -70.6113313,
            -33.5397132
          ],
          [
            -70.6114503,
            -33.539813
          ],
          [
            -70.611571,
            -33.5399043
          ],
          [
            -70.6116957,
            -33.5399918
          ],
          [
            -70.6118162,
            -33.5400705
          ],
          [
            -70.6119398,
            -33.5401456
          ],
          [
            -70.6120665,
            -33.5402171
          ],
          [
            -70.6122051,
            -33.5402931
          ],
          [
            -70.6123467,
            -33.5403652
          ],
          [
            -70.612491,
            -33.5404334
          ],
          [
            -70.6126647,
            -33.5405086
          ],
          [
            -70.6128418,
            -33.5405781
          ],
          [
            -70.613022,
            -33.5406417
          ],
          [
            -70.6132051,
            -33.5406994
          ],
          [
            -70.6133896,
            -33.5407497
          ],
          [
            -70.6135761,
            -33.5407944
          ],
          [
            -70.6137644,
            -33.5408335
          ],
          [
            -70.6139346,
            -33.5408638
          ],
          [
            -70.6141058,
            -33.5408895
          ],
          [
            -70.614278,
            -33.5409107
          ],
          [
            -70.616088,
            -33.5411316
          ],
          [
            -70.6172412,
            -33.5412723
          ],
          [
            -70.6174154,
            -33.5412993
          ],
          [
            -70.6175885,
            -33.5413304
          ],
          [
            -70.6177666,
            -33.5413668
          ],
          [
            -70.6182779,
            -33.5414813
          ],
          [
            -70.6184891,
            -33.5415235
          ],
          [
            -70.6187017,
            -33.5415612
          ],
          [
            -70.6188987,
            -33.541592
          ],
          [
            -70.6190966,
            -33.5416188
          ],
          [
            -70.6201051,
            -33.5417434
          ],
          [
            -70.6207328,
            -33.5418261
          ],
          [
            -70.6226639,
            -33.5421073
          ],
          [
            -70.6229033,
            -33.5421387
          ],
          [
            -70.6231434,
            -33.5421659
          ],
          [
            -70.623332,
            -33.5421843
          ],
          [
            -70.6235209,
            -33.5422
          ],
          [
            -70.6240265,
            -33.5422352
          ],
          [
            -70.6243826,
            -33.5422732
          ],
          [
            -70.6246635,
            -33.5423085
          ],
          [
            -70.6277642,
            -33.5427455
          ],
          [
            -70.6281363,
            -33.5427936
          ],
          [
            -70.628365,
            -33.5428232
          ],
          [
            -70.6286044,
            -33.5428489
          ],
          [
            -70.628837,
            -33.5428668
          ],
          [
            -70.6290972,
            -33.5428858
          ],
          [
            -70.6292803,
            -33.5428925
          ],
          [
            -70.6294701,
            -33.5428953
          ],
          [
            -70.6296893,
            -33.5428936
          ],
          [
            -70.6299213,
            -33.5428891
          ],
          [
            -70.6300997,
            -33.5428808
          ],
          [
            -70.6302626,
            -33.5428701
          ],
          [
            -70.6305657,
            -33.5428461
          ],
          [
            -70.6309238,
            -33.5428048
          ],
          [
            -70.6328295,
            -33.5425639
          ],
          [
            -70.63412,
            -33.5423778
          ],
          [
            -70.6351979,
            -33.5422229
          ],
          [
            -70.635564,
            -33.5421833
          ],
          [
            -70.6358973,
            -33.5421475
          ],
          [
            -70.6365658,
            -33.5420799
          ],
          [
            -70.6367958,
            -33.5420575
          ],
          [
            -70.6370641,
            -33.5420223
          ],
          [
            -70.6385212,
            -33.5418183
          ],
          [
            -70.6395994,
            -33.5416741
          ],
          [
            -70.6407192,
            -33.5415333
          ],
          [
            -70.6419128,
            -33.5413824
          ],
          [
            -70.6424157,
            -33.5413142
          ],
          [
            -70.6431557,
            -33.5412065
          ],
          [
            -70.6442437,
            -33.5410482
          ],
          [
            -70.6463157,
            -33.5407408
          ],
          [
            -70.6484333,
            -33.5404339
          ],
          [
            -70.6493079,
            -33.5403083
          ],
          [
            -70.6501807,
            -33.540174
          ],
          [
            -70.6508794,
            -33.54006
          ],
          [
            -70.6515768,
            -33.5399404
          ],
          [
            -70.6525397,
            -33.5397727
          ],
          [
            -70.6535482,
            -33.5395838
          ],
          [
            -70.6553788,
            -33.5392272
          ],
          [
            -70.6556943,
            -33.5391695
          ],
          [
            -70.6560105,
            -33.5391143
          ],
          [
            -70.6563695,
            -33.5390551
          ],
          [
            -70.6567293,
            -33.5389992
          ],
          [
            -70.658167,
            -33.5387578
          ],
          [
            -70.6596945,
            -33.5384951
          ],
          [
            -70.6603745,
            -33.538381
          ],
          [
            -70.6607604,
            -33.5383136
          ],
          [
            -70.6611443,
            -33.538238
          ],
          [
            -70.6615432,
            -33.5381474
          ],
          [
            -70.6619462,
            -33.5380496
          ],
          [
            -70.6622915,
            -33.5379547
          ],
          [
            -70.6626356,
            -33.5378568
          ],
          [
            -70.6629151,
            -33.5377748
          ],
          [
            -70.6632873,
            -33.5376623
          ],
          [
            -70.6641407,
            -33.537402
          ],
          [
            -70.670072,
            -33.5355126
          ]
        ]
      }
    },
    {
      "type": "Feature",
      "properties": {
        "linea": "LINEA 3",
        "nombre": "LINEA 3",
        "ref": "L3",
        "color": "#9A5B29",
        "from": "Plaza Quilicura",
        "to": "Fernando Castillo Velasco",
        "start_date": "2023-09-25"
      },
      "geometry": {
        "type": "LineString",
        "coordinates": [
          [
            -70.7288897,
            -33.3657367
          ],
          [
            -70.7286933,
            -33.3657001
          ],
          [
            -70.728506,
            -33.3656635
          ],
          [
            -70.7280342,
            -33.3655544
          ],
          [
            -70.7279379,
            -33.3655371
          ],
          [
            -70.7278404,
            -33.3655242
          ],
          [
            -70.7277677,
            -33.3655175
          ],
          [
            -70.7276959,
            -33.3655132
          ],
          [
            -70.7276284,
            -33.3655155
          ],
          [
            -70.7275601,
            -33.3655204
          ],
          [
            -70.7274548,
            -33.365533
          ],
          [
            -70.7273508,
            -33.3655516
          ],
          [
            -70.725685,
            -33.3659375
          ],
          [
            -70.7243656,
            -33.3662408
          ],
          [
            -70.7242004,
            -33.3662763
          ],
          [
            -70.724034,
            -33.3663084
          ],
          [
            -70.7238711,
            -33.3663363
          ],
          [
            -70.7237064,
            -33.3663581
          ],
          [
            -70.7235199,
            -33.3663751
          ],
          [
            -70.7233327,
            -33.3663841
          ],
          [
            -70.7224569,
            -33.3663886
          ],
          [
            -70.7222823,
            -33.3663961
          ],
          [
            -70.7221085,
            -33.3664097
          ],
          [
            -70.7218907,
            -33.3664352
          ],
          [
            -70.7217068,
            -33.3664587
          ],
          [
            -70.7214966,
            -33.3664914
          ],
          [
            -70.7212877,
            -33.3665301
          ],
          [
            -70.7197731,
            -33.3668502
          ],
          [
            -70.7171702,
            -33.3673892
          ],
          [
            -70.7170523,
            -33.3674076
          ],
          [
            -70.7169365,
            -33.3674225
          ],
          [
            -70.716819,
            -33.3674309
          ],
          [
            -70.7167012,
            -33.3674327
          ],
          [
            -70.716591,
            -33.3674285
          ],
          [
            -70.7164821,
            -33.3674185
          ],
          [
            -70.7163652,
            -33.3674052
          ],
          [
            -70.7162442,
            -33.3673876
          ],
          [
            -70.7161147,
            -33.3673668
          ],
          [
            -70.7159695,
            -33.3673367
          ],
          [
            -70.7158276,
            -33.3673001
          ],
          [
            -70.7139192,
            -33.3668386
          ],
          [
            -70.713474,
            -33.3667232
          ],
          [
            -70.7125947,
            -33.3665084
          ],
          [
            -70.7123119,
            -33.3664419
          ],
          [
            -70.7120275,
            -33.366381
          ],
          [
            -70.7117767,
            -33.366332
          ],
          [
            -70.7115247,
            -33.3662871
          ],
          [
            -70.7093933,
            -33.3659401
          ],
          [
            -70.7092271,
            -33.3659178
          ],
          [
            -70.7090601,
            -33.3659024
          ],
          [
            -70.7088825,
            -33.3658935
          ],
          [
            -70.708704,
            -33.3658924
          ],
          [
            -70.7076874,
            -33.3659036
          ],
          [
            -70.7075523,
            -33.3658987
          ],
          [
            -70.7074176,
            -33.3658877
          ],
          [
            -70.7072687,
            -33.3658682
          ],
          [
            -70.7071217,
            -33.3658411
          ],
          [
            -70.7055298,
            -33.3654827
          ],
          [
            -70.7053441,
            -33.3654481
          ],
          [
            -70.7051454,
            -33.3654102
          ],
          [
            -70.7049588,
            -33.3653847
          ],
          [
            -70.704784,
            -33.3653663
          ],
          [
            -70.7046494,
            -33.3653537
          ],
          [
            -70.7044923,
            -33.3653445
          ],
          [
            -70.7043474,
            -33.3653417
          ],
          [
            -70.7042018,
            -33.3653443
          ],
          [
            -70.699816,
            -33.3654748
          ],
          [
            -70.697518,
            -33.3654966
          ],
          [
            -70.6934276,
            -33.3654386
          ],
          [
            -70.6919894,
            -33.365446
          ],
          [
            -70.6911601,
            -33.3654622
          ],
          [
            -70.6908422,
            -33.3654871
          ],
          [
            -70.6904729,
            -33.3655406
          ],
          [
            -70.6901549,
            -33.3656022
          ],
          [
            -70.6898684,
            -33.3656855
          ],
          [
            -70.6895915,
            -33.365764
          ],
          [
            -70.6892005,
            -33.3659029
          ],
          [
            -70.6888686,
            -33.3660532
          ],
          [
            -70.6887057,
            -33.366119
          ],
          [
            -70.6885476,
            -33.3661897
          ],
          [
            -70.6883932,
            -33.3662659
          ],
          [
            -70.6882429,
            -33.3663473
          ],
          [
            -70.6880739,
            -33.3664483
          ],
          [
            -70.6879109,
            -33.3665558
          ],
          [
            -70.6877556,
            -33.3666689
          ],
          [
            -70.6876632,
            -33.366758
          ],
          [
            -70.6875753,
            -33.366852
          ],
          [
            -70.6874932,
            -33.3669495
          ],
          [
            -70.687417,
            -33.3670503
          ],
          [
            -70.6873331,
            -33.3671763
          ],
          [
            -70.6872586,
            -33.3673062
          ],
          [
            -70.6871935,
            -33.3674398
          ],
          [
            -70.6871383,
            -33.3675765
          ],
          [
            -70.6867359,
            -33.3687658
          ],
          [
            -70.6866306,
            -33.3691188
          ],
          [
            -70.6863711,
            -33.3698631
          ],
          [
            -70.6863005,
            -33.3700498
          ],
          [
            -70.6862456,
            -33.3702189
          ],
          [
            -70.6862015,
            -33.3703901
          ],
          [
            -70.6861683,
            -33.370563
          ],
          [
            -70.6861458,
            -33.3707371
          ],
          [
            -70.6861343,
            -33.3709103
          ],
          [
            -70.6861336,
            -33.3710839
          ],
          [
            -70.6861436,
            -33.3712572
          ],
          [
            -70.6862416,
            -33.3720549
          ],
          [
            -70.6862865,
            -33.3723374
          ],
          [
            -70.6863202,
            -33.372622
          ],
          [
            -70.6863375,
            -33.3728334
          ],
          [
            -70.6863485,
            -33.3730451
          ],
          [
            -70.6863531,
            -33.3732573
          ],
          [
            -70.6863478,
            -33.3733976
          ],
          [
            -70.6863345,
            -33.3735376
          ],
          [
            -70.6863131,
            -33.3736768
          ],
          [
            -70.6862835,
            -33.373815
          ],
          [
            -70.686246,
            -33.3739518
          ],
          [
            -70.6862008,
            -33.3740865
          ],
          [
            -70.6861479,
            -33.3742194
          ],
          [
            -70.6860873,
            -33.3743499
          ],
          [
            -70.6860192,
            -33.3744778
          ],
          [
            -70.685944,
            -33.3746026
          ],
          [
            -70.6851298,
            -33.3758522
          ],
          [
            -70.6846341,
            -33.3765392
          ],
          [
            -70.6844323,
            -33.3768326
          ],
          [
            -70.6843297,
            -33.377006
          ],
          [
            -70.6842308,
            -33.3771856
          ],
          [
            -70.6841462,
            -33.3773737
          ],
          [
            -70.6840813,
            -33.3775356
          ],
          [
            -70.6840232,
            -33.3776992
          ],
          [
            -70.6839716,
            -33.3778644
          ],
          [
            -70.6834091,
            -33.3799425
          ],
          [
            -70.6833544,
            -33.3801186
          ],
          [
            -70.6833103,
            -33.3802456
          ],
          [
            -70.6832531,
            -33.380386
          ],
          [
            -70.6831819,
            -33.3805532
          ],
          [
            -70.6829591,
            -33.3810642
          ],
          [
            -70.6827979,
            -33.3814166
          ],
          [
            -70.6826417,
            -33.3817245
          ],
          [
            -70.682523,
            -33.3819362
          ],
          [
            -70.682329,
            -33.3822423
          ],
          [
            -70.6820548,
            -33.3826238
          ],
          [
            -70.6818957,
            -33.38284
          ],
          [
            -70.6813529,
            -33.3834683
          ],
          [
            -70.6796542,
            -33.3853888
          ],
          [
            -70.6776179,
            -33.3878594
          ],
          [
            -70.6764593,
            -33.3892567
          ],
          [
            -70.6750339,
            -33.3910065
          ],
          [
            -70.6743759,
            -33.391946
          ],
          [
            -70.67341,
            -33.3935163
          ],
          [
            -70.672519,
            -33.394939
          ],
          [
            -70.6723799,
            -33.3951388
          ],
          [
            -70.672234,
            -33.3953348
          ],
          [
            -70.6720812,
            -33.3955272
          ],
          [
            -70.6719281,
            -33.3957083
          ],
          [
            -70.6717688,
            -33.3958859
          ],
          [
            -70.6712511,
            -33.3964244
          ],
          [
            -70.6711141,
            -33.3965777
          ],
          [
            -70.6709712,
            -33.3967285
          ],
          [
            -70.6708234,
            -33.3968758
          ],
          [
            -70.6706739,
            -33.3970166
          ],
          [
            -70.6705199,
            -33.3971538
          ],
          [
            -70.6703614,
            -33.3972873
          ],
          [
            -70.6696118,
            -33.3979009
          ],
          [
            -70.6674601,
            -33.3997132
          ],
          [
            -70.6664878,
            -33.4005672
          ],
          [
            -70.6662494,
            -33.4007796
          ],
          [
            -70.665939,
            -33.4010655
          ],
          [
            -70.6653423,
            -33.401671
          ],
          [
            -70.6628517,
            -33.4044399
          ],
          [
            -70.6617863,
            -33.4055899
          ],
          [
            -70.6614697,
            -33.4059736
          ],
          [
            -70.6613001,
            -33.4062042
          ],
          [
            -70.6612159,
            -33.4063283
          ],
          [
            -70.6611394,
            -33.4064558
          ],
          [
            -70.6610834,
            -33.406561
          ],
          [
            -70.6610325,
            -33.406668
          ],
          [
            -70.6609869,
            -33.406777
          ],
          [
            -70.6607632,
            -33.4073619
          ],
          [
            -70.6606104,
            -33.4077839
          ],
          [
            -70.6601502,
            -33.4090167
          ],
          [
            -70.6597129,
            -33.4101523
          ],
          [
            -70.6592687,
            -33.411232
          ],
          [
            -70.6584664,
            -33.4130519
          ],
          [
            -70.657038,
            -33.416031
          ],
          [
            -70.6569323,
            -33.4162588
          ],
          [
            -70.6568256,
            -33.4165094
          ],
          [
            -70.6567401,
            -33.4167479
          ],
          [
            -70.6566358,
            -33.4170671
          ],
          [
            -70.6565555,
            -33.417353
          ],
          [
            -70.6564752,
            -33.417677
          ],
          [
            -70.655758,
            -33.4207822
          ],
          [
            -70.6554898,
            -33.4222235
          ],
          [
            -70.6552428,
            -33.4234825
          ],
          [
            -70.6550629,
            -33.4241686
          ],
          [
            -70.6547825,
            -33.4251941
          ],
          [
            -70.653391,
            -33.4299313
          ],
          [
            -70.653352,
            -33.4301478
          ],
          [
            -70.6533374,
            -33.4303235
          ],
          [
            -70.6533302,
            -33.4305534
          ],
          [
            -70.6532644,
            -33.4327619
          ],
          [
            -70.6532533,
            -33.4331083
          ],
          [
            -70.6532331,
            -33.4333441
          ],
          [
            -70.6532089,
            -33.4335823
          ],
          [
            -70.6512777,
            -33.4374154
          ],
          [
            -70.651,
            -33.4409522
          ],
          [
            -70.6506654,
            -33.443867
          ],
          [
            -70.6506,
            -33.4441232
          ],
          [
            -70.650969,
            -33.4490053
          ],
          [
            -70.6505815,
            -33.4513946
          ],
          [
            -70.6498465,
            -33.4554655
          ],
          [
            -70.6495461,
            -33.456993
          ],
          [
            -70.649516,
            -33.457135
          ],
          [
            -70.6494749,
            -33.4572755
          ],
          [
            -70.6494231,
            -33.4574138
          ],
          [
            -70.6493606,
            -33.4575488
          ],
          [
            -70.649288,
            -33.45768
          ],
          [
            -70.6492469,
            -33.4577456
          ],
          [
            -70.6492031,
            -33.4578101
          ],
          [
            -70.6491094,
            -33.4579348
          ],
          [
            -70.6490062,
            -33.4580546
          ],
          [
            -70.6488943,
            -33.4581689
          ],
          [
            -70.648774,
            -33.458277
          ],
          [
            -70.6486459,
            -33.4583786
          ],
          [
            -70.6485104,
            -33.4584733
          ],
          [
            -70.648368,
            -33.4585609
          ],
          [
            -70.6482193,
            -33.4586408
          ],
          [
            -70.6480617,
            -33.4587142
          ],
          [
            -70.6478987,
            -33.4587791
          ],
          [
            -70.6477311,
            -33.4588352
          ],
          [
            -70.6475596,
            -33.4588822
          ],
          [
            -70.6473848,
            -33.45892
          ],
          [
            -70.6472074,
            -33.4589485
          ],
          [
            -70.6470283,
            -33.4589673
          ],
          [
            -70.6468481,
            -33.4589766
          ],
          [
            -70.6466675,
            -33.4589763
          ],
          [
            -70.6464873,
            -33.4589664
          ],
          [
            -70.6463089,
            -33.458947
          ],
          [
            -70.6459777,
            -33.4589021
          ],
          [
            -70.6435037,
            -33.4583693
          ],
          [
            -70.6432655,
            -33.4583255
          ],
          [
            -70.6430699,
            -33.4582851
          ],
          [
            -70.6367436,
            -33.4568764
          ],
          [
            -70.6295306,
            -33.4553928
          ],
          [
            -70.6293337,
            -33.4553509
          ],
          [
            -70.6291376,
            -33.4553053
          ],
          [
            -70.6288573,
            -33.4552331
          ],
          [
            -70.6285799,
            -33.4551534
          ],
          [
            -70.6283069,
            -33.4550667
          ],
          [
            -70.6280594,
            -33.4549956
          ],
          [
            -70.6274744,
            -33.454833
          ],
          [
            -70.6272265,
            -33.4547783
          ],
          [
            -70.6269759,
            -33.4547307
          ],
          [
            -70.6267462,
            -33.4546938
          ],
          [
            -70.6265152,
            -33.454663
          ],
          [
            -70.6252073,
            -33.4545297
          ],
          [
            -70.6250456,
            -33.4545118
          ],
          [
            -70.6248846,
            -33.4544856
          ],
          [
            -70.6247468,
            -33.4544562
          ],
          [
            -70.6246123,
            -33.4544212
          ],
          [
            -70.6228985,
            -33.453996
          ],
          [
            -70.6221329,
            -33.4538014
          ],
          [
            -70.6217837,
            -33.4537177
          ],
          [
            -70.6214055,
            -33.4536363
          ],
          [
            -70.6206585,
            -33.4535078
          ],
          [
            -70.6182584,
            -33.453142
          ],
          [
            -70.6179118,
            -33.4530906
          ],
          [
            -70.6176653,
            -33.4530606
          ],
          [
            -70.6173751,
            -33.4530395
          ],
          [
            -70.617024,
            -33.4530306
          ],
          [
            -70.6163182,
            -33.4530306
          ],
          [
            -70.6157742,
            -33.4530384
          ],
          [
            -70.6153483,
            -33.4530474
          ],
          [
            -70.6150395,
            -33.4530596
          ],
          [
            -70.6147482,
            -33.4530797
          ],
          [
            -70.6144684,
            -33.453104
          ],
          [
            -70.6141891,
            -33.4531333
          ],
          [
            -70.6135175,
            -33.4532116
          ],
          [
            -70.6052448,
            -33.4541426
          ],
          [
            -70.6035161,
            -33.4543261
          ],
          [
            -70.601341,
            -33.4545409
          ],
          [
            -70.6001266,
            -33.4546729
          ],
          [
            -70.5981437,
            -33.4549246
          ],
          [
            -70.5954493,
            -33.45521
          ],
          [
            -70.5951949,
            -33.4552352
          ],
          [
            -70.5949398,
            -33.4552554
          ],
          [
            -70.5947381,
            -33.455268
          ],
          [
            -70.5945361,
            -33.4552774
          ],
          [
            -70.5883819,
            -33.4555571
          ],
          [
            -70.5880366,
            -33.4555699
          ],
          [
            -70.5878801,
            -33.4555726
          ],
          [
            -70.5877236,
            -33.4555722
          ],
          [
            -70.5875619,
            -33.4555685
          ],
          [
            -70.5874003,
            -33.4555616
          ],
          [
            -70.5864807,
            -33.4555196
          ],
          [
            -70.5863208,
            -33.4555099
          ],
          [
            -70.5861612,
            -33.4554965
          ],
          [
            -70.5860349,
            -33.4554832
          ],
          [
            -70.5859093,
            -33.455466
          ],
          [
            -70.5857395,
            -33.4554363
          ],
          [
            -70.5855718,
            -33.4553995
          ],
          [
            -70.5852452,
            -33.4553244
          ],
          [
            -70.5838493,
            -33.4550066
          ],
          [
            -70.5836246,
            -33.4549565
          ],
          [
            -70.5834556,
            -33.4549231
          ],
          [
            -70.5833099,
            -33.4549004
          ],
          [
            -70.5831531,
            -33.4548775
          ],
          [
            -70.5829117,
            -33.4548486
          ],
          [
            -70.5826436,
            -33.4548178
          ],
          [
            -70.582032,
            -33.4547485
          ],
          [
            -70.5814794,
            -33.454687
          ],
          [
            -70.5807415,
            -33.4546086
          ],
          [
            -70.580467,
            -33.4545795
          ],
          [
            -70.5802244,
            -33.4545561
          ],
          [
            -70.5800015,
            -33.4545376
          ],
          [
            -70.5797782,
            -33.4545219
          ],
          [
            -70.5784845,
            -33.4544342
          ],
          [
            -70.5773525,
            -33.4543575
          ],
          [
            -70.5765096,
            -33.4542993
          ],
          [
            -70.5763472,
            -33.454283
          ],
          [
            -70.576261,
            -33.4542721
          ],
          [
            -70.5761724,
            -33.454256
          ],
          [
            -70.5760872,
            -33.4542344
          ],
          [
            -70.5759933,
            -33.454201
          ],
          [
            -70.575883,
            -33.4541567
          ],
          [
            -70.5758093,
            -33.4541228
          ],
          [
            -70.5757472,
            -33.4540899
          ],
          [
            -70.5756813,
            -33.454051
          ],
          [
            -70.5755719,
            -33.4539792
          ],
          [
            -70.5754936,
            -33.4539178
          ],
          [
            -70.5751605,
            -33.4536555
          ],
          [
            -70.5750513,
            -33.4535796
          ],
          [
            -70.5749676,
            -33.4535279
          ],
          [
            -70.5748925,
            -33.4534884
          ],
          [
            -70.5748266,
            -33.4534584
          ],
          [
            -70.5747451,
            -33.4534268
          ],
          [
            -70.5746643,
            -33.4534008
          ],
          [
            -70.5746066,
            -33.4533838
          ],
          [
            -70.5745608,
            -33.4533749
          ],
          [
            -70.5745071,
            -33.4533644
          ],
          [
            -70.5744347,
            -33.4533535
          ],
          [
            -70.5743563,
            -33.4533456
          ],
          [
            -70.5742628,
            -33.4533414
          ],
          [
            -70.5741716,
            -33.4533428
          ],
          [
            -70.5740824,
            -33.4533493
          ],
          [
            -70.5736353,
            -33.4533808
          ],
          [
            -70.5722542,
            -33.4535015
          ],
          [
            -70.5720626,
            -33.4535156
          ],
          [
            -70.5718869,
            -33.4535229
          ],
          [
            -70.5708296,
            -33.4535375
          ],
          [
            -70.570464,
            -33.4535442
          ],
          [
            -70.5702556,
            -33.4535397
          ],
          [
            -70.5700536,
            -33.4535266
          ],
          [
            -70.5676211,
            -33.4532797
          ],
          [
            -70.5588082,
            -33.4522038
          ],
          [
            -70.5581146,
            -33.4521191
          ]
        ]
      }
    },
    {
      "type": "Feature",
      "properties": {
        "linea": "LINEA 2",
        "nombre": "LINEA 2",
        "ref": "L2",
        "color": "#FAB515",
        "from": "Vespucio Norte",
        "to": "Hospital El Pino",
        "start_date": "1978-03-31"
      },
      "geometry": {
        "type": "LineString",
        "coordinates": [
          [
            -70.6463465,
            -33.3807719
          ],
          [
            -70.6450376,
            -33.3812391
          ],
          [
            -70.6448215,
            -33.381327
          ],
          [
            -70.6446106,
            -33.3814234
          ],
          [
            -70.6444054,
            -33.3815279
          ],
          [
            -70.6442063,
            -33.3816404
          ],
          [
            -70.6440138,
            -33.3817607
          ],
          [
            -70.6438283,
            -33.3818884
          ],
          [
            -70.6436503,
            -33.3820232
          ],
          [
            -70.64348,
            -33.3821649
          ],
          [
            -70.6433179,
            -33.3823131
          ],
          [
            -70.6431644,
            -33.3824676
          ],
          [
            -70.6430198,
            -33.3826279
          ],
          [
            -70.6428844,
            -33.3827938
          ],
          [
            -70.6427585,
            -33.3829648
          ],
          [
            -70.6426424,
            -33.3831406
          ],
          [
            -70.642543,
            -33.3833087
          ],
          [
            -70.6424526,
            -33.3834803
          ],
          [
            -70.6423714,
            -33.3836551
          ],
          [
            -70.6422994,
            -33.3838327
          ],
          [
            -70.6422369,
            -33.3840128
          ],
          [
            -70.642184,
            -33.384195
          ],
          [
            -70.6421407,
            -33.384379
          ],
          [
            -70.6421072,
            -33.3845643
          ],
          [
            -70.6420834,
            -33.3847508
          ],
          [
            -70.6420696,
            -33.3849379
          ],
          [
            -70.6420656,
            -33.3851254
          ],
          [
            -70.6420715,
            -33.3853128
          ],
          [
            -70.6422776,
            -33.3875694
          ],
          [
            -70.6422937,
            -33.3878202
          ],
          [
            -70.6424579,
            -33.3909387
          ],
          [
            -70.6426223,
            -33.3940325
          ],
          [
            -70.6427622,
            -33.3969575
          ],
          [
            -70.6428719,
            -33.3996615
          ],
          [
            -70.6431939,
            -33.4059444
          ],
          [
            -70.6436155,
            -33.4139761
          ],
          [
            -70.6437453,
            -33.4162142
          ],
          [
            -70.6438149,
            -33.4173648
          ],
          [
            -70.643857,
            -33.4177492
          ],
          [
            -70.6439056,
            -33.418133
          ],
          [
            -70.6439608,
            -33.4185162
          ],
          [
            -70.6440162,
            -33.4188611
          ],
          [
            -70.6440768,
            -33.4192053
          ],
          [
            -70.6441185,
            -33.4194344
          ],
          [
            -70.6441666,
            -33.4196627
          ],
          [
            -70.6442318,
            -33.4199323
          ],
          [
            -70.6443059,
            -33.4202004
          ],
          [
            -70.6450756,
            -33.4227502
          ],
          [
            -70.6454799,
            -33.4241577
          ],
          [
            -70.6464537,
            -33.4275718
          ],
          [
            -70.6467343,
            -33.4285338
          ],
          [
            -70.6471322,
            -33.4297289
          ],
          [
            -70.6474967,
            -33.4307686
          ],
          [
            -70.6476941,
            -33.4312629
          ],
          [
            -70.6478003,
            -33.4314771
          ],
          [
            -70.647837,
            -33.431544
          ],
          [
            -70.6478789,
            -33.4316088
          ],
          [
            -70.6479258,
            -33.4316712
          ],
          [
            -70.6479857,
            -33.4317397
          ],
          [
            -70.6480517,
            -33.4318043
          ],
          [
            -70.6481233,
            -33.4318646
          ],
          [
            -70.6481913,
            -33.4319161
          ],
          [
            -70.6482629,
            -33.431964
          ],
          [
            -70.6483501,
            -33.4320148
          ],
          [
            -70.6484413,
            -33.4320603
          ],
          [
            -70.6486787,
            -33.4321655
          ],
          [
            -70.6488973,
            -33.4322505
          ],
          [
            -70.6496948,
            -33.4325497
          ],
          [
            -70.6498741,
            -33.4326092
          ],
          [
            -70.6500401,
            -33.4326588
          ],
          [
            -70.6502338,
            -33.4327122
          ],
          [
            -70.6504303,
            -33.4327575
          ],
          [
            -70.6506293,
            -33.4327949
          ],
          [
            -70.6508302,
            -33.432824
          ],
          [
            -70.6510094,
            -33.4328429
          ],
          [
            -70.6511895,
            -33.4328554
          ],
          [
            -70.6513108,
            -33.4328593
          ],
          [
            -70.6514322,
            -33.4328595
          ],
          [
            -70.6516201,
            -33.4328516
          ],
          [
            -70.652999,
            -33.4327857
          ],
          [
            -70.6541888,
            -33.4327333
          ],
          [
            -70.6544385,
            -33.4327111
          ],
          [
            -70.6546663,
            -33.4326722
          ],
          [
            -70.6558786,
            -33.4324044
          ],
          [
            -70.6577725,
            -33.4319773
          ],
          [
            -70.6581174,
            -33.4318991
          ],
          [
            -70.6582569,
            -33.4318745
          ],
          [
            -70.6584674,
            -33.4318487
          ],
          [
            -70.6586713,
            -33.4318409
          ],
          [
            -70.6588402,
            -33.431842
          ],
          [
            -70.6589904,
            -33.4318566
          ],
          [
            -70.6591547,
            -33.4318747
          ],
          [
            -70.6594464,
            -33.4319315
          ],
          [
            -70.6596369,
            -33.4319853
          ],
          [
            -70.6598229,
            -33.4320517
          ],
          [
            -70.6599813,
            -33.4321203
          ],
          [
            -70.6600878,
            -33.4321807
          ],
          [
            -70.6601821,
            -33.4322439
          ],
          [
            -70.6602833,
            -33.4323199
          ],
          [
            -70.6603364,
            -33.4323682
          ],
          [
            -70.6603852,
            -33.4324195
          ],
          [
            -70.6604404,
            -33.4324887
          ],
          [
            -70.6604878,
            -33.4325618
          ],
          [
            -70.6605241,
            -33.4326316
          ],
          [
            -70.6605546,
            -33.4327034
          ],
          [
            -70.660579,
            -33.4327767
          ],
          [
            -70.6605995,
            -33.4328623
          ],
          [
            -70.6606165,
            -33.4329607
          ],
          [
            -70.6606232,
            -33.4330687
          ],
          [
            -70.6606239,
            -33.4332058
          ],
          [
            -70.6606172,
            -33.4333574
          ],
          [
            -70.6605998,
            -33.4335521
          ],
          [
            -70.6605592,
            -33.4338715
          ],
          [
            -70.6601179,
            -33.4370306
          ],
          [
            -70.6599792,
            -33.4380888
          ],
          [
            -70.6598259,
            -33.4392587
          ],
          [
            -70.6597783,
            -33.4396778
          ],
          [
            -70.6597702,
            -33.4397871
          ],
          [
            -70.6597656,
            -33.4398983
          ],
          [
            -70.6597683,
            -33.4400488
          ],
          [
            -70.6597738,
            -33.4401392
          ],
          [
            -70.6597824,
            -33.4402295
          ],
          [
            -70.6597944,
            -33.4403206
          ],
          [
            -70.6598099,
            -33.4404114
          ],
          [
            -70.6598581,
            -33.4406425
          ],
          [
            -70.6599748,
            -33.4411399
          ],
          [
            -70.660015,
            -33.4413117
          ],
          [
            -70.660395,
            -33.4431127
          ],
          [
            -70.6604185,
            -33.4432144
          ],
          [
            -70.6604479,
            -33.4433417
          ],
          [
            -70.6605817,
            -33.4439198
          ],
          [
            -70.6606209,
            -33.4441406
          ],
          [
            -70.6606377,
            -33.4443401
          ],
          [
            -70.6606393,
            -33.444543
          ],
          [
            -70.6606346,
            -33.4446789
          ],
          [
            -70.6606273,
            -33.4448026
          ],
          [
            -70.6604828,
            -33.446079
          ],
          [
            -70.6604127,
            -33.4466988
          ],
          [
            -70.6603854,
            -33.4468779
          ],
          [
            -70.6603362,
            -33.4471134
          ],
          [
            -70.6602917,
            -33.4472921
          ],
          [
            -70.660241,
            -33.4474698
          ],
          [
            -70.6600432,
            -33.4480841
          ],
          [
            -70.6599084,
            -33.448483
          ],
          [
            -70.659773,
            -33.4489194
          ],
          [
            -70.6595906,
            -33.449541
          ],
          [
            -70.6589314,
            -33.4518176
          ],
          [
            -70.6584629,
            -33.4534566
          ],
          [
            -70.658281,
            -33.4540929
          ],
          [
            -70.6582467,
            -33.4542193
          ],
          [
            -70.6582053,
            -33.4543442
          ],
          [
            -70.658157,
            -33.4544674
          ],
          [
            -70.658102,
            -33.4545886
          ],
          [
            -70.6580325,
            -33.4547213
          ],
          [
            -70.6579549,
            -33.4548509
          ],
          [
            -70.6578693,
            -33.4549769
          ],
          [
            -70.6573114,
            -33.4556935
          ],
          [
            -70.6572151,
            -33.4558334
          ],
          [
            -70.6571287,
            -33.4559777
          ],
          [
            -70.6570525,
            -33.4561259
          ],
          [
            -70.6569868,
            -33.4562776
          ],
          [
            -70.6569323,
            -33.4564309
          ],
          [
            -70.6568884,
            -33.4565866
          ],
          [
            -70.6568554,
            -33.4567442
          ],
          [
            -70.6568279,
            -33.4569232
          ],
          [
            -70.6567642,
            -33.4574451
          ],
          [
            -70.6567506,
            -33.4576302
          ],
          [
            -70.6567468,
            -33.4578155
          ],
          [
            -70.6567523,
            -33.4579947
          ],
          [
            -70.6567669,
            -33.4581735
          ],
          [
            -70.6568869,
            -33.4593383
          ],
          [
            -70.6569027,
            -33.4595079
          ],
          [
            -70.6569132,
            -33.4596778
          ],
          [
            -70.6569184,
            -33.4598479
          ],
          [
            -70.6569177,
            -33.4600474
          ],
          [
            -70.6569097,
            -33.4602468
          ],
          [
            -70.6568748,
            -33.4607083
          ],
          [
            -70.6568178,
            -33.4616594
          ],
          [
            -70.6567863,
            -33.4621789
          ],
          [
            -70.6566332,
            -33.4645854
          ],
          [
            -70.6565636,
            -33.4657457
          ],
          [
            -70.6563959,
            -33.4696594
          ],
          [
            -70.6563574,
            -33.4705572
          ],
          [
            -70.6563327,
            -33.4708575
          ],
          [
            -70.6563157,
            -33.470982
          ],
          [
            -70.6562931,
            -33.4711059
          ],
          [
            -70.656262,
            -33.4712286
          ],
          [
            -70.6562291,
            -33.4713355
          ],
          [
            -70.6561976,
            -33.4714222
          ],
          [
            -70.6561634,
            -33.4715027
          ],
          [
            -70.6561219,
            -33.4715882
          ],
          [
            -70.6560746,
            -33.4716719
          ],
          [
            -70.6559256,
            -33.4719173
          ],
          [
            -70.655861,
            -33.472022
          ],
          [
            -70.6557905,
            -33.472124
          ],
          [
            -70.6556928,
            -33.4722495
          ],
          [
            -70.6555808,
            -33.4723913
          ],
          [
            -70.6555237,
            -33.4724575
          ],
          [
            -70.6554513,
            -33.4725336
          ],
          [
            -70.6553842,
            -33.4725929
          ],
          [
            -70.6553227,
            -33.4726399
          ],
          [
            -70.6552624,
            -33.4726819
          ],
          [
            -70.6551981,
            -33.4727196
          ],
          [
            -70.6551385,
            -33.4727491
          ],
          [
            -70.6550765,
            -33.472775
          ],
          [
            -70.6549647,
            -33.4728139
          ],
          [
            -70.6537984,
            -33.4731775
          ],
          [
            -70.6520209,
            -33.4737367
          ],
          [
            -70.6517264,
            -33.4738426
          ],
          [
            -70.6514999,
            -33.4739307
          ],
          [
            -70.6513535,
            -33.4740044
          ],
          [
            -70.6512347,
            -33.4740726
          ],
          [
            -70.6510234,
            -33.4742047
          ],
          [
            -70.6508261,
            -33.4743606
          ],
          [
            -70.6506488,
            -33.4745224
          ],
          [
            -70.6505271,
            -33.4746448
          ],
          [
            -70.6504105,
            -33.4747705
          ],
          [
            -70.6502991,
            -33.4748996
          ],
          [
            -70.650185,
            -33.4750423
          ],
          [
            -70.6500783,
            -33.475189
          ],
          [
            -70.6500185,
            -33.4752779
          ],
          [
            -70.6499614,
            -33.475368
          ],
          [
            -70.6498906,
            -33.4754951
          ],
          [
            -70.6498384,
            -33.4756059
          ],
          [
            -70.6497937,
            -33.4757189
          ],
          [
            -70.6497566,
            -33.4758339
          ],
          [
            -70.6495238,
            -33.4765932
          ],
          [
            -70.6488407,
            -33.4788265
          ],
          [
            -70.648782,
            -33.4790297
          ],
          [
            -70.6487248,
            -33.4792391
          ],
          [
            -70.6486841,
            -33.4794557
          ],
          [
            -70.6486653,
            -33.4796515
          ],
          [
            -70.6486733,
            -33.4798204
          ],
          [
            -70.6486908,
            -33.4799658
          ],
          [
            -70.6487271,
            -33.4801277
          ],
          [
            -70.6489177,
            -33.4808409
          ],
          [
            -70.649401,
            -33.4825896
          ],
          [
            -70.6510948,
            -33.4887175
          ],
          [
            -70.6515151,
            -33.4902383
          ],
          [
            -70.6516027,
            -33.4906112
          ],
          [
            -70.6516814,
            -33.4909854
          ],
          [
            -70.6517564,
            -33.4913919
          ],
          [
            -70.6518169,
            -33.4918097
          ],
          [
            -70.6518906,
            -33.4924349
          ],
          [
            -70.6519078,
            -33.4925626
          ],
          [
            -70.6519282,
            -33.4926899
          ],
          [
            -70.6519694,
            -33.4929031
          ],
          [
            -70.6520194,
            -33.4931149
          ],
          [
            -70.6525692,
            -33.4951392
          ],
          [
            -70.6530359,
            -33.4968324
          ],
          [
            -70.6546533,
            -33.5024409
          ],
          [
            -70.6559506,
            -33.5069832
          ],
          [
            -70.6566667,
            -33.5095401
          ],
          [
            -70.6577513,
            -33.5133689
          ],
          [
            -70.6588469,
            -33.517276
          ],
          [
            -70.6614339,
            -33.5264328
          ],
          [
            -70.662285,
            -33.5295271
          ],
          [
            -70.6632951,
            -33.5332957
          ],
          [
            -70.6646244,
            -33.5383676
          ],
          [
            -70.6667876,
            -33.5466302
          ],
          [
            -70.6679046,
            -33.5509109
          ],
          [
            -70.6682505,
            -33.5522081
          ],
          [
            -70.6690644,
            -33.5550722
          ],
          [
            -70.6705397,
            -33.5602671
          ],
          [
            -70.6734395,
            -33.5707876
          ],
          [
            -70.6754741,
            -33.5781663
          ],
          [
            -70.6757602,
            -33.5791483
          ],
          [
            -70.6768392,
            -33.582885
          ]
        ]
      }
    }
  ]
}